  {"FL_DATE": "2015-03-10", "UNIQUE_CARRIER": "US", "ORIGIN_AIRPORT_SEQ_ID": "1393003", "ORIGIN": "ORD", "DEST_AIRPORT_SEQ_ID": "1410702", "DEST": "PHX", "CRS_DEP_TIME": "2015-03-10T12:00:00", "DEP_TIME": "2015-03-10T11:56:00", "DEP_DELAY": -4.0, "TAXI_OUT": 21.0, "WHEELS_OFF": "2015-03-10T12:17:00", "CRS_ARR_TIME": "2015-03-10T16:10:00", "CANCELLED": false, "DIVERTED": false, "DEP_AIRPORT_LAT": 41.97944444, "DEP_AIRPORT_LON": -87.9075, "DEP_AIRPORT_TZOFFSET": -18000.0, "ARR_AIRPORT_LAT": 33.43416667, "ARR_AIRPORT_LON": -112.01166667, "ARR_AIRPORT_TZOFFSET": -25200.0, "EVENT_TYPE": "wheelsoff", "EVENT_TIME": "2015-03-10T12:17:00"}       
  {"FL_DATE": "2015-03-10", "UNIQUE_CARRIER": "US", "ORIGIN_AIRPORT_SEQ_ID": "1467903", "ORIGIN": "SAN", "DEST_AIRPORT_SEQ_ID": "1410702", "DEST": "PHX", "CRS_DEP_TIME": "2015-03-10T13:30:00", "DEP_TIME": "2015-03-10T13:26:00", "DEP_DELAY": -4.0, "TAXI_OUT": 34.0, "WHEELS_OFF": "2015-03-10T14:00:00", "CRS_ARR_TIME": "2015-03-10T14:57:00", "CANCELLED": false, "DIVERTED": false, "DEP_AIRPORT_LAT": 32.73361111, "DEP_AIRPORT_LON": -117.18972222, "DEP_AIRPORT_TZOFFSET": -25200.0, "ARR_AIRPORT_LAT": 33.43416667, "ARR_AIRPORT_LON": -112.01166667, "ARR_AIRPORT_TZOFFSET": -25200.0, "EVENT_TYPE": "wheelsoff", "EVENT_TIME": "2015-03-10T14:00:00"}  
  {"FL_DATE": "2015-03-10", "UNIQUE_CARRIER": "US", "ORIGIN_AIRPORT_SEQ_ID": "1483103", "ORIGIN": "SJC", "DEST_AIRPORT_SEQ_ID": "1410702", "DEST": "PHX", "CRS_DEP_TIME": "2015-03-10T13:20:00", "DEP_TIME": "2015-03-10T13:15:00", "DEP_DELAY": -5.0, "TAXI_OUT": 16.0, "WHEELS_OFF": "2015-03-10T13:31:00", "CRS_ARR_TIME": "2015-03-10T15:13:00", "CANCELLED": false, "DIVERTED": false, "DEP_AIRPORT_LAT": 37.36277778, "DEP_AIRPORT_LON": -121.92916667, "DEP_AIRPORT_TZOFFSET": -25200.0, "ARR_AIRPORT_LAT": 33.43416667, "ARR_AIRPORT_LON": -112.01166667, "ARR_AIRPORT_TZOFFSET": -25200.0, "EVENT_TYPE": "wheelsoff", "EVENT_TIME": "2015-03-10T13:31:00"}  
  {"FL_DATE": "2015-03-10", "UNIQUE_CARRIER": "WN", "ORIGIN_AIRPORT_SEQ_ID": "1410002", "ORIGIN": "PHL", "DEST_AIRPORT_SEQ_ID": "1530402", "DEST": "TPA", "CRS_DEP_TIME": "2015-03-10T09:50:00", "DEP_TIME": "2015-03-10T09:48:00", "DEP_DELAY": -2.0, "TAXI_OUT": 15.0, "WHEELS_OFF": "2015-03-10T10:03:00", "CRS_ARR_TIME": "2015-03-10T12:35:00", "CANCELLED": false, "DIVERTED": false, "DEP_AIRPORT_LAT": 39.87222222, "DEP_AIRPORT_LON": -75.24083333, "DEP_AIRPORT_TZOFFSET": -14400.0, "ARR_AIRPORT_LAT": 27.97555556, "ARR_AIRPORT_LON": -82.53333333, "ARR_AIRPORT_TZOFFSET": -14400.0, "EVENT_TYPE": "wheelsoff", "EVENT_TIME": "2015-03-10T10:03:00"}    
  {"FL_DATE": "2015-03-10", "UNIQUE_CARRIER": "WN", "ORIGIN_AIRPORT_SEQ_ID": "1323202", "ORIGIN": "MDW", "DEST_AIRPORT_SEQ_ID": "1410702", "DEST": "PHX", "CRS_DEP_TIME": "2015-03-10T12:10:00", "DEP_TIME": "2015-03-10T12:08:00", "DEP_DELAY": -2.0, "TAXI_OUT": 10.0, "WHEELS_OFF": "2015-03-10T12:18:00", "CRS_ARR_TIME": "2015-03-10T16:00:00", "CANCELLED": false, "DIVERTED": false, "DEP_AIRPORT_LAT": 41.78583333, "DEP_AIRPORT_LON": -87.7525, "DEP_AIRPORT_TZOFFSET": -18000.0, "ARR_AIRPORT_LAT": 33.43416667, "ARR_AIRPORT_LON": -112.01166667, "ARR_AIRPORT_TZOFFSET": -25200.0, "EVENT_TYPE": "wheelsoff", "EVENT_TIME": "2015-03-10T12:18:00"}       
  {"FL_DATE": "2015-03-10", "UNIQUE_CARRIER": "WN", "ORIGIN_AIRPORT_SEQ_ID": "1323202", "ORIGIN": "MDW", "DEST_AIRPORT_SEQ_ID": "1410702", "DEST": "PHX", "CRS_DEP_TIME": "2015-03-10T13:35:00", "DEP_TIME": "2015-03-10T13:40:00", "DEP_DELAY": 5.0, "TAXI_OUT": 6.0, "WHEELS_OFF": "2015-03-10T13:46:00", "CRS_ARR_TIME": "2015-03-10T17:30:00", "CANCELLED": false, "DIVERTED": false, "DEP_AIRPORT_LAT": 41.78583333, "DEP_AIRPORT_LON": -87.7525, "DEP_AIRPORT_TZOFFSET": -18000.0, "ARR_AIRPORT_LAT": 33.43416667, "ARR_AIRPORT_LON": -112.01166667, "ARR_AIRPORT_TZOFFSET": -25200.0, "EVENT_TYPE": "wheelsoff", "EVENT_TIME": "2015-03-10T13:46:00"}         
  {"FL_DATE": "2015-03-10", "UNIQUE_CARRIER": "WN", "ORIGIN_AIRPORT_SEQ_ID": "1348702", "ORIGIN": "MSP", "DEST_AIRPORT_SEQ_ID": "1410702", "DEST": "PHX", "CRS_DEP_TIME": "2015-03-10T13:00:00", "DEP_TIME": "2015-03-10T12:56:00", "DEP_DELAY": -4.0, "TAXI_OUT": 24.0, "WHEELS_OFF": "2015-03-10T13:20:00", "CRS_ARR_TIME": "2015-03-10T16:30:00", "CANCELLED": false, "DIVERTED": false, "DEP_AIRPORT_LAT": 44.88194444, "DEP_AIRPORT_LON": -93.22166667, "DEP_AIRPORT_TZOFFSET": -18000.0, "ARR_AIRPORT_LAT": 33.43416667, "ARR_AIRPORT_LON": -112.01166667, "ARR_AIRPORT_TZOFFSET": -25200.0, "EVENT_TYPE": "wheelsoff", "EVENT_TIME": "2015-03-10T13:20:00"}   
  {"FL_DATE": "2015-03-10", "UNIQUE_CARRIER": "WN", "ORIGIN_AIRPORT_SEQ_ID": "1405702", "ORIGIN": "PDX", "DEST_AIRPORT_SEQ_ID": "1410702", "DEST": "PHX", "CRS_DEP_TIME": "2015-03-10T13:45:00", "DEP_TIME": "2015-03-10T13:44:00", "DEP_DELAY": -1.0, "TAXI_OUT": 13.0, "WHEELS_OFF": "2015-03-10T13:57:00", "CRS_ARR_TIME": "2015-03-10T16:20:00", "CANCELLED": false, "DIVERTED": false, "DEP_AIRPORT_LAT": 45.58861111, "DEP_AIRPORT_LON": -122.59694444, "DEP_AIRPORT_TZOFFSET": -25200.0, "ARR_AIRPORT_LAT": 33.43416667, "ARR_AIRPORT_LON": -112.01166667, "ARR_AIRPORT_TZOFFSET": -25200.0, "EVENT_TYPE": "wheelsoff", "EVENT_TIME": "2015-03-10T13:57:00"}  
  {"FL_DATE": "2015-03-10", "UNIQUE_CARRIER": "WN", "ORIGIN_AIRPORT_SEQ_ID": "1468303", "ORIGIN": "SAT", "DEST_AIRPORT_SEQ_ID": "1410702", "DEST": "PHX", "CRS_DEP_TIME": "2015-03-10T12:20:00", "DEP_TIME": "2015-03-10T12:20:00", "DEP_DELAY": 0.0, "TAXI_OUT": 10.0, "WHEELS_OFF": "2015-03-10T12:30:00", "CRS_ARR_TIME": "2015-03-10T14:55:00", "CANCELLED": false, "DIVERTED": false, "DEP_AIRPORT_LAT": 29.53388889, "DEP_AIRPORT_LON": -98.46916667, "DEP_AIRPORT_TZOFFSET": -18000.0, "ARR_AIRPORT_LAT": 33.43416667, "ARR_AIRPORT_LON": -112.01166667, "ARR_AIRPORT_TZOFFSET": -25200.0, "EVENT_TYPE": "wheelsoff", "EVENT_TIME": "2015-03-10T12:30:00"}    
  {"FL_DATE": "2015-03-10", "UNIQUE_CARRIER": "WN", "ORIGIN_AIRPORT_SEQ_ID": "1486903", "ORIGIN": "SLC", "DEST_AIRPORT_SEQ_ID": "1410702", "DEST": "PHX", "CRS_DEP_TIME": "2015-03-10T12:00:00", "DEP_TIME": "2015-03-10T11:55:00", "DEP_DELAY": -5.0, "TAXI_OUT": 5.0, "WHEELS_OFF": "2015-03-10T12:00:00", "CRS_ARR_TIME": "2015-03-10T13:40:00", "CANCELLED": false, "DIVERTED": false, "DEP_AIRPORT_LAT": 40.78833333, "DEP_AIRPORT_LON": -111.97777778, "DEP_AIRPORT_TZOFFSET": -21600.0, "ARR_AIRPORT_LAT": 33.43416667, "ARR_AIRPORT_LON": -112.01166667, "ARR_AIRPORT_TZOFFSET": -25200.0, "EVENT_TYPE": "wheelsoff", "EVENT_TIME": "2015-03-10T12:00:00"}   
  {"FL_DATE": "2015-03-10", "UNIQUE_CARRIER": "OO", "ORIGIN_AIRPORT_SEQ_ID": "1014103", "ORIGIN": "ABR", "DEST_AIRPORT_SEQ_ID": "1348702", "DEST": "MSP", "CRS_DEP_TIME": "2015-03-10T10:15:00", "DEP_TIME": "2015-03-10T10:07:00", "DEP_DELAY": -8.0, "TAXI_OUT": 16.0, "WHEELS_OFF": "2015-03-10T10:23:00", "CRS_ARR_TIME": "2015-03-10T11:25:00", "CANCELLED": false, "DIVERTED": false, "DEP_AIRPORT_LAT": 45.44833333, "DEP_AIRPORT_LON": -98.4225, "DEP_AIRPORT_TZOFFSET": -18000.0, "ARR_AIRPORT_LAT": 44.88194444, "ARR_AIRPORT_LON": -93.22166667, "ARR_AIRPORT_TZOFFSET": -18000.0, "EVENT_TYPE": "wheelsoff", "EVENT_TIME": "2015-03-10T10:23:00"}        
  {"FL_DATE": "2015-03-10", "UNIQUE_CARRIER": "WN", "ORIGIN_AIRPORT_SEQ_ID": "1039705", "ORIGIN": "ATL", "DEST_AIRPORT_SEQ_ID": "1348702", "DEST": "MSP", "CRS_DEP_TIME": "2015-03-10T12:25:00", "DEP_TIME": "2015-03-10T12:24:00", "DEP_DELAY": -1.0, "TAXI_OUT": 16.0, "WHEELS_OFF": "2015-03-10T12:40:00", "CRS_ARR_TIME": "2015-03-10T15:15:00", "CANCELLED": false, "DIVERTED": false, "DEP_AIRPORT_LAT": 33.63666667, "DEP_AIRPORT_LON": -84.42777778, "DEP_AIRPORT_TZOFFSET": -14400.0, "ARR_AIRPORT_LAT": 44.88194444, "ARR_AIRPORT_LON": -93.22166667, "ARR_AIRPORT_TZOFFSET": -18000.0, "EVENT_TYPE": "wheelsoff", "EVENT_TIME": "2015-03-10T12:40:00"}    
  {"FL_DATE": "2015-03-10", "UNIQUE_CARRIER": "DL", "ORIGIN_AIRPORT_SEQ_ID": "1039705", "ORIGIN": "ATL", "DEST_AIRPORT_SEQ_ID": "1348702", "DEST": "MSP", "CRS_DEP_TIME": "2015-03-10T11:35:00", "DEP_TIME": "2015-03-10T11:35:00", "DEP_DELAY": 0.0, "TAXI_OUT": 15.0, "WHEELS_OFF": "2015-03-10T11:50:00", "CRS_ARR_TIME": "2015-03-10T14:11:00", "CANCELLED": false, "DIVERTED": false, "DEP_AIRPORT_LAT": 33.63666667, "DEP_AIRPORT_LON": -84.42777778, "DEP_AIRPORT_TZOFFSET": -14400.0, "ARR_AIRPORT_LAT": 44.88194444, "ARR_AIRPORT_LON": -93.22166667, "ARR_AIRPORT_TZOFFSET": -18000.0, "EVENT_TYPE": "wheelsoff", "EVENT_TIME": "2015-03-10T11:50:00"}     
  {"FL_DATE": "2015-03-10", "UNIQUE_CARRIER": "DL", "ORIGIN_AIRPORT_SEQ_ID": "1052904", "ORIGIN": "BDL", "DEST_AIRPORT_SEQ_ID": "1348702", "DEST": "MSP", "CRS_DEP_TIME": "2015-03-10T10:20:00", "DEP_TIME": "2015-03-10T10:14:00", "DEP_DELAY": -6.0, "TAXI_OUT": 16.0, "WHEELS_OFF": "2015-03-10T10:30:00", "CRS_ARR_TIME": "2015-03-10T13:18:00", "CANCELLED": false, "DIVERTED": false, "DEP_AIRPORT_LAT": 41.93916667, "DEP_AIRPORT_LON": -72.68333333, "DEP_AIRPORT_TZOFFSET": -14400.0, "ARR_AIRPORT_LAT": 44.88194444, "ARR_AIRPORT_LON": -93.22166667, "ARR_AIRPORT_TZOFFSET": -18000.0, "EVENT_TYPE": "wheelsoff", "EVENT_TIME": "2015-03-10T10:30:00"}    
  {"FL_DATE": "2015-03-10", "UNIQUE_CARRIER": "DL", "ORIGIN_AIRPORT_SEQ_ID": "1062002", "ORIGIN": "BIL", "DEST_AIRPORT_SEQ_ID": "1348702", "DEST": "MSP", "CRS_DEP_TIME": "2015-03-10T12:25:00", "DEP_TIME": "2015-03-10T12:18:00", "DEP_DELAY": -7.0, "TAXI_OUT": 11.0, "WHEELS_OFF": "2015-03-10T12:29:00", "CRS_ARR_TIME": "2015-03-10T14:15:00", "CANCELLED": false, "DIVERTED": false, "DEP_AIRPORT_LAT": 45.80777778, "DEP_AIRPORT_LON": -108.54277778, "DEP_AIRPORT_TZOFFSET": -21600.0, "ARR_AIRPORT_LAT": 44.88194444, "ARR_AIRPORT_LON": -93.22166667, "ARR_AIRPORT_TZOFFSET": -18000.0, "EVENT_TYPE": "wheelsoff", "EVENT_TIME": "2015-03-10T12:29:00"}   
  {"FL_DATE": "2015-03-10", "UNIQUE_CARRIER": "EV", "ORIGIN_AIRPORT_SEQ_ID": "1062702", "ORIGIN": "BIS", "DEST_AIRPORT_SEQ_ID": "1348702", "DEST": "MSP", "CRS_DEP_TIME": "2015-03-10T12:45:00", "DEP_TIME": "2015-03-10T12:40:00", "DEP_DELAY": -5.0, "TAXI_OUT": 29.0, "WHEELS_OFF": "2015-03-10T13:09:00", "CRS_ARR_TIME": "2015-03-10T14:14:00", "CANCELLED": false, "DIVERTED": false, "DEP_AIRPORT_LAT": 46.77277778, "DEP_AIRPORT_LON": -100.74583333, "DEP_AIRPORT_TZOFFSET": -18000.0, "ARR_AIRPORT_LAT": 44.88194444, "ARR_AIRPORT_LON": -93.22166667, "ARR_AIRPORT_TZOFFSET": -18000.0, "EVENT_TYPE": "wheelsoff", "EVENT_TIME": "2015-03-10T13:09:00"}   
  {"FL_DATE": "2015-03-10", "UNIQUE_CARRIER": "DL", "ORIGIN_AIRPORT_SEQ_ID": "1062702", "ORIGIN": "BIS", "DEST_AIRPORT_SEQ_ID": "1348702", "DEST": "MSP", "CRS_DEP_TIME": "2015-03-10T10:00:00", "DEP_TIME": "2015-03-10T09:53:00", "DEP_DELAY": -7.0, "TAXI_OUT": 9.0, "WHEELS_OFF": "2015-03-10T10:02:00", "CRS_ARR_TIME": "2015-03-10T11:25:00", "CANCELLED": false, "DIVERTED": false, "DEP_AIRPORT_LAT": 46.77277778, "DEP_AIRPORT_LON": -100.74583333, "DEP_AIRPORT_TZOFFSET": -18000.0, "ARR_AIRPORT_LAT": 44.88194444, "ARR_AIRPORT_LON": -93.22166667, "ARR_AIRPORT_TZOFFSET": -18000.0, "EVENT_TYPE": "wheelsoff", "EVENT_TIME": "2015-03-10T10:02:00"}    
  {"FL_DATE": "2015-03-10", "UNIQUE_CARRIER": "OO", "ORIGIN_AIRPORT_SEQ_ID": "1063104", "ORIGIN": "BJI", "DEST_AIRPORT_SEQ_ID": "1348702", "DEST": "MSP", "CRS_DEP_TIME": "2015-03-10T10:05:00", "DEP_TIME": "2015-03-10T09:59:00", "DEP_DELAY": -6.0, "TAXI_OUT": 15.0, "WHEELS_OFF": "2015-03-10T10:14:00", "CRS_ARR_TIME": "2015-03-10T11:05:00", "CANCELLED": false, "DIVERTED": false, "DEP_AIRPORT_LAT": 47.51083333, "DEP_AIRPORT_LON": -94.93472222, "DEP_AIRPORT_TZOFFSET": -18000.0, "ARR_AIRPORT_LAT": 44.88194444, "ARR_AIRPORT_LON": -93.22166667, "ARR_AIRPORT_TZOFFSET": -18000.0, "EVENT_TYPE": "wheelsoff", "EVENT_TIME": "2015-03-10T10:14:00"}    
  {"FL_DATE": "2015-03-10", "UNIQUE_CARRIER": "OO", "ORIGIN_AIRPORT_SEQ_ID": "1069302", "ORIGIN": "BNA", "DEST_AIRPORT_SEQ_ID": "1348702", "DEST": "MSP", "CRS_DEP_TIME": "2015-03-10T13:15:00", "DEP_TIME": "2015-03-10T12:47:00", "DEP_DELAY": -28.0, "TAXI_OUT": 56.0, "WHEELS_OFF": "2015-03-10T13:43:00", "CRS_ARR_TIME": "2015-03-10T15:32:00", "CANCELLED": false, "DIVERTED": false, "DEP_AIRPORT_LAT": 36.12444444, "DEP_AIRPORT_LON": -86.67805556, "DEP_AIRPORT_TZOFFSET": -18000.0, "ARR_AIRPORT_LAT": 44.88194444, "ARR_AIRPORT_LON": -93.22166667, "ARR_AIRPORT_TZOFFSET": -18000.0, "EVENT_TYPE": "wheelsoff", "EVENT_TIME": "2015-03-10T13:43:00"}   
  {"FL_DATE": "2015-03-10", "UNIQUE_CARRIER": "DL", "ORIGIN_AIRPORT_SEQ_ID": "1072102", "ORIGIN": "BOS", "DEST_AIRPORT_SEQ_ID": "1348702", "DEST": "MSP", "CRS_DEP_TIME": "2015-03-10T12:10:00", "DEP_TIME": "2015-03-10T12:08:00", "DEP_DELAY": -2.0, "TAXI_OUT": 20.0, "WHEELS_OFF": "2015-03-10T12:28:00", "CRS_ARR_TIME": "2015-03-10T15:27:00", "CANCELLED": false, "DIVERTED": false, "DEP_AIRPORT_LAT": 42.36305556, "DEP_AIRPORT_LON": -71.00638889, "DEP_AIRPORT_TZOFFSET": -14400.0, "ARR_AIRPORT_LAT": 44.88194444, "ARR_AIRPORT_LON": -93.22166667, "ARR_AIRPORT_TZOFFSET": -18000.0, "EVENT_TYPE": "wheelsoff", "EVENT_TIME": "2015-03-10T12:28:00"}    
  {"FL_DATE": "2015-03-10", "UNIQUE_CARRIER": "DL", "ORIGIN_AIRPORT_SEQ_ID": "1072102", "ORIGIN": "BOS", "DEST_AIRPORT_SEQ_ID": "1348702", "DEST": "MSP", "CRS_DEP_TIME": "2015-03-10T10:00:00", "DEP_TIME": "2015-03-10T09:55:00", "DEP_DELAY": -5.0, "TAXI_OUT": 19.0, "WHEELS_OFF": "2015-03-10T10:14:00", "CRS_ARR_TIME": "2015-03-10T13:21:00", "CANCELLED": false, "DIVERTED": false, "DEP_AIRPORT_LAT": 42.36305556, "DEP_AIRPORT_LON": -71.00638889, "DEP_AIRPORT_TZOFFSET": -14400.0, "ARR_AIRPORT_LAT": 44.88194444, "ARR_AIRPORT_LON": -93.22166667, "ARR_AIRPORT_TZOFFSET": -18000.0, "EVENT_TYPE": "wheelsoff", "EVENT_TIME": "2015-03-10T10:14:00"}    
  {"FL_DATE": "2015-03-10", "UNIQUE_CARRIER": "EV", "ORIGIN_AIRPORT_SEQ_ID": "1104203", "ORIGIN": "CLE", "DEST_AIRPORT_SEQ_ID": "1334205", "DEST": "MKE", "CRS_DEP_TIME": "2015-03-10T10:31:00", "DEP_TIME": "2015-03-10T10:19:00", "DEP_DELAY": -12.0, "TAXI_OUT": 12.0, "WHEELS_OFF": "2015-03-10T10:31:00", "CRS_ARR_TIME": "2015-03-10T12:02:00", "CANCELLED": false, "DIVERTED": false, "DEP_AIRPORT_LAT": 41.40944444, "DEP_AIRPORT_LON": -81.85472222, "DEP_AIRPORT_TZOFFSET": -14400.0, "ARR_AIRPORT_LAT": 42.94694444, "ARR_AIRPORT_LON": -87.89694444, "ARR_AIRPORT_TZOFFSET": -18000.0, "EVENT_TYPE": "wheelsoff", "EVENT_TIME": "2015-03-10T10:31:00"}   
  {"FL_DATE": "2015-03-10", "UNIQUE_CARRIER": "EV", "ORIGIN_AIRPORT_SEQ_ID": "1104203", "ORIGIN": "CLE", "DEST_AIRPORT_SEQ_ID": "1348702", "DEST": "MSP", "CRS_DEP_TIME": "2015-03-10T11:10:00", "DEP_TIME": "2015-03-10T11:07:00", "DEP_DELAY": -3.0, "TAXI_OUT": 7.0, "WHEELS_OFF": "2015-03-10T11:14:00", "CRS_ARR_TIME": "2015-03-10T13:25:00", "CANCELLED": false, "DIVERTED": false, "DEP_AIRPORT_LAT": 41.40944444, "DEP_AIRPORT_LON": -81.85472222, "DEP_AIRPORT_TZOFFSET": -14400.0, "ARR_AIRPORT_LAT": 44.88194444, "ARR_AIRPORT_LON": -93.22166667, "ARR_AIRPORT_TZOFFSET": -18000.0, "EVENT_TYPE": "wheelsoff", "EVENT_TIME": "2015-03-10T11:14:00"}     
  {"FL_DATE": "2015-03-10", "UNIQUE_CARRIER": "DL", "ORIGIN_AIRPORT_SEQ_ID": "1105703", "ORIGIN": "CLT", "DEST_AIRPORT_SEQ_ID": "1348702", "DEST": "MSP", "CRS_DEP_TIME": "2015-03-10T10:20:00", "DEP_TIME": "2015-03-10T10:13:00", "DEP_DELAY": -7.0, "TAXI_OUT": 15.0, "WHEELS_OFF": "2015-03-10T10:28:00", "CRS_ARR_TIME": "2015-03-10T13:08:00", "CANCELLED": false, "DIVERTED": false, "DEP_AIRPORT_LAT": 35.21361111, "DEP_AIRPORT_LON": -80.94916667, "DEP_AIRPORT_TZOFFSET": -14400.0, "ARR_AIRPORT_LAT": 44.88194444, "ARR_AIRPORT_LON": -93.22166667, "ARR_AIRPORT_TZOFFSET": -18000.0, "EVENT_TYPE": "wheelsoff", "EVENT_TIME": "2015-03-10T10:28:00"}    
  {"FL_DATE": "2015-03-10", "UNIQUE_CARRIER": "US", "ORIGIN_AIRPORT_SEQ_ID": "1105703", "ORIGIN": "CLT", "DEST_AIRPORT_SEQ_ID": "1348702", "DEST": "MSP", "CRS_DEP_TIME": "2015-03-10T13:35:00", "DEP_TIME": "2015-03-10T13:35:00", "DEP_DELAY": 0.0, "TAXI_OUT": 16.0, "WHEELS_OFF": "2015-03-10T13:51:00", "CRS_ARR_TIME": "2015-03-10T16:23:00", "CANCELLED": false, "DIVERTED": false, "DEP_AIRPORT_LAT": 35.21361111, "DEP_AIRPORT_LON": -80.94916667, "DEP_AIRPORT_TZOFFSET": -14400.0, "ARR_AIRPORT_LAT": 44.88194444, "ARR_AIRPORT_LON": -93.22166667, "ARR_AIRPORT_TZOFFSET": -18000.0, "EVENT_TYPE": "wheelsoff", "EVENT_TIME": "2015-03-10T13:51:00"}     
  {"FL_DATE": "2015-03-10", "UNIQUE_CARRIER": "OO", "ORIGIN_AIRPORT_SEQ_ID": "1106603", "ORIGIN": "CMH", "DEST_AIRPORT_SEQ_ID": "1348702", "DEST": "MSP", "CRS_DEP_TIME": "2015-03-10T13:05:00", "DEP_TIME": "2015-03-10T13:01:00", "DEP_DELAY": -4.0, "TAXI_OUT": 9.0, "WHEELS_OFF": "2015-03-10T13:10:00", "CRS_ARR_TIME": "2015-03-10T15:15:00", "CANCELLED": false, "DIVERTED": false, "DEP_AIRPORT_LAT": 39.99694444, "DEP_AIRPORT_LON": -82.89222222, "DEP_AIRPORT_TZOFFSET": -14400.0, "ARR_AIRPORT_LAT": 44.88194444, "ARR_AIRPORT_LON": -93.22166667, "ARR_AIRPORT_TZOFFSET": -18000.0, "EVENT_TYPE": "wheelsoff", "EVENT_TIME": "2015-03-10T13:10:00"}     
  {"FL_DATE": "2015-03-10", "UNIQUE_CARRIER": "WN", "ORIGIN_AIRPORT_SEQ_ID": "1127802", "ORIGIN": "DCA", "DEST_AIRPORT_SEQ_ID": "1334205", "DEST": "MKE", "CRS_DEP_TIME": "2015-03-10T10:55:00", "DEP_TIME": "2015-03-10T10:49:00", "DEP_DELAY": -6.0, "TAXI_OUT": 7.0, "WHEELS_OFF": "2015-03-10T10:56:00", "CRS_ARR_TIME": "2015-03-10T13:00:00", "CANCELLED": false, "DIVERTED": false, "DEP_AIRPORT_LAT": 38.85194444, "DEP_AIRPORT_LON": -77.03777778, "DEP_AIRPORT_TZOFFSET": -14400.0, "ARR_AIRPORT_LAT": 42.94694444, "ARR_AIRPORT_LON": -87.89694444, "ARR_AIRPORT_TZOFFSET": -18000.0, "EVENT_TYPE": "wheelsoff", "EVENT_TIME": "2015-03-10T10:56:00"}     
  {"FL_DATE": "2015-03-10", "UNIQUE_CARRIER": "DL", "ORIGIN_AIRPORT_SEQ_ID": "1127802", "ORIGIN": "DCA", "DEST_AIRPORT_SEQ_ID": "1348702", "DEST": "MSP", "CRS_DEP_TIME": "2015-03-10T12:35:00", "DEP_TIME": "2015-03-10T12:32:00", "DEP_DELAY": -3.0, "TAXI_OUT": 9.0, "WHEELS_OFF": "2015-03-10T12:41:00", "CRS_ARR_TIME": "2015-03-10T15:23:00", "CANCELLED": false, "DIVERTED": false, "DEP_AIRPORT_LAT": 38.85194444, "DEP_AIRPORT_LON": -77.03777778, "DEP_AIRPORT_TZOFFSET": -14400.0, "ARR_AIRPORT_LAT": 44.88194444, "ARR_AIRPORT_LON": -93.22166667, "ARR_AIRPORT_TZOFFSET": -18000.0, "EVENT_TYPE": "wheelsoff", "EVENT_TIME": "2015-03-10T12:41:00"}     
  {"FL_DATE": "2015-03-10", "UNIQUE_CARRIER": "DL", "ORIGIN_AIRPORT_SEQ_ID": "1129202", "ORIGIN": "DEN", "DEST_AIRPORT_SEQ_ID": "1348702", "DEST": "MSP", "CRS_DEP_TIME": "2015-03-10T12:10:00", "DEP_TIME": "2015-03-10T12:07:00", "DEP_DELAY": -3.0, "TAXI_OUT": 14.0, "WHEELS_OFF": "2015-03-10T12:21:00", "CRS_ARR_TIME": "2015-03-10T14:10:00", "CANCELLED": false, "DIVERTED": false, "DEP_AIRPORT_LAT": 39.86166667, "DEP_AIRPORT_LON": -104.67305556, "DEP_AIRPORT_TZOFFSET": -21600.0, "ARR_AIRPORT_LAT": 44.88194444, "ARR_AIRPORT_LON": -93.22166667, "ARR_AIRPORT_TZOFFSET": -18000.0, "EVENT_TYPE": "wheelsoff", "EVENT_TIME": "2015-03-10T12:21:00"}   
  {"FL_DATE": "2015-03-10", "UNIQUE_CARRIER": "NK", "ORIGIN_AIRPORT_SEQ_ID": "1129803", "ORIGIN": "DFW", "DEST_AIRPORT_SEQ_ID": "1348702", "DEST": "MSP", "CRS_DEP_TIME": "2015-03-10T11:20:00", "DEP_TIME": "2015-03-10T11:17:00", "DEP_DELAY": -3.0, "TAXI_OUT": 19.0, "WHEELS_OFF": "2015-03-10T11:36:00", "CRS_ARR_TIME": "2015-03-10T13:39:00", "CANCELLED": false, "DIVERTED": false, "DEP_AIRPORT_LAT": 32.89694444, "DEP_AIRPORT_LON": -97.03805556, "DEP_AIRPORT_TZOFFSET": -18000.0, "ARR_AIRPORT_LAT": 44.88194444, "ARR_AIRPORT_LON": -93.22166667, "ARR_AIRPORT_TZOFFSET": -18000.0, "EVENT_TYPE": "wheelsoff", "EVENT_TIME": "2015-03-10T11:36:00"}    
  {"FL_DATE": "2015-03-10", "UNIQUE_CARRIER": "DL", "ORIGIN_AIRPORT_SEQ_ID": "1143302", "ORIGIN": "DTW", "DEST_AIRPORT_SEQ_ID": "1334205", "DEST": "MKE", "CRS_DEP_TIME": "2015-03-10T12:20:00", "DEP_TIME": "2015-03-10T12:19:00", "DEP_DELAY": -1.0, "TAXI_OUT": 14.0, "WHEELS_OFF": "2015-03-10T12:33:00", "CRS_ARR_TIME": "2015-03-10T13:29:00", "CANCELLED": false, "DIVERTED": false, "DEP_AIRPORT_LAT": 42.2125, "DEP_AIRPORT_LON": -83.35333333, "DEP_AIRPORT_TZOFFSET": -14400.0, "ARR_AIRPORT_LAT": 42.94694444, "ARR_AIRPORT_LON": -87.89694444, "ARR_AIRPORT_TZOFFSET": -18000.0, "EVENT_TYPE": "wheelsoff", "EVENT_TIME": "2015-03-10T12:33:00"}        
  {"FL_DATE": "2015-03-10", "UNIQUE_CARRIER": "DL", "ORIGIN_AIRPORT_SEQ_ID": "1143302", "ORIGIN": "DTW", "DEST_AIRPORT_SEQ_ID": "1348702", "DEST": "MSP", "CRS_DEP_TIME": "2015-03-10T11:25:00", "DEP_TIME": "2015-03-10T11:22:00", "DEP_DELAY": -3.0, "TAXI_OUT": 15.0, "WHEELS_OFF": "2015-03-10T11:37:00", "CRS_ARR_TIME": "2015-03-10T13:20:00", "CANCELLED": false, "DIVERTED": false, "DEP_AIRPORT_LAT": 42.2125, "DEP_AIRPORT_LON": -83.35333333, "DEP_AIRPORT_TZOFFSET": -14400.0, "ARR_AIRPORT_LAT": 44.88194444, "ARR_AIRPORT_LON": -93.22166667, "ARR_AIRPORT_TZOFFSET": -18000.0, "EVENT_TYPE": "wheelsoff", "EVENT_TIME": "2015-03-10T11:37:00"}        
  {"FL_DATE": "2015-03-10", "UNIQUE_CARRIER": "DL", "ORIGIN_AIRPORT_SEQ_ID": "1143302", "ORIGIN": "DTW", "DEST_AIRPORT_SEQ_ID": "1348702", "DEST": "MSP", "CRS_DEP_TIME": "2015-03-10T12:35:00", "DEP_TIME": "2015-03-10T12:32:00", "DEP_DELAY": -3.0, "TAXI_OUT": 18.0, "WHEELS_OFF": "2015-03-10T12:50:00", "CRS_ARR_TIME": "2015-03-10T14:28:00", "CANCELLED": false, "DIVERTED": false, "DEP_AIRPORT_LAT": 42.2125, "DEP_AIRPORT_LON": -83.35333333, "DEP_AIRPORT_TZOFFSET": -14400.0, "ARR_AIRPORT_LAT": 44.88194444, "ARR_AIRPORT_LON": -93.22166667, "ARR_AIRPORT_TZOFFSET": -18000.0, "EVENT_TYPE": "wheelsoff", "EVENT_TIME": "2015-03-10T12:50:00"}        
  {"FL_DATE": "2015-03-10", "UNIQUE_CARRIER": "DL", "ORIGIN_AIRPORT_SEQ_ID": "1163703", "ORIGIN": "FAR", "DEST_AIRPORT_SEQ_ID": "1348702", "DEST": "MSP", "CRS_DEP_TIME": "2015-03-10T10:00:00", "DEP_TIME": "2015-03-10T10:20:00", "DEP_DELAY": 20.0, "TAXI_OUT": 8.0, "WHEELS_OFF": "2015-03-10T10:28:00", "CRS_ARR_TIME": "2015-03-10T11:12:00", "CANCELLED": false, "DIVERTED": false, "DEP_AIRPORT_LAT": 46.92055556, "DEP_AIRPORT_LON": -96.81583333, "DEP_AIRPORT_TZOFFSET": -18000.0, "ARR_AIRPORT_LAT": 44.88194444, "ARR_AIRPORT_LON": -93.22166667, "ARR_AIRPORT_TZOFFSET": -18000.0, "EVENT_TYPE": "wheelsoff", "EVENT_TIME": "2015-03-10T10:28:00"}     
  {"FL_DATE": "2015-03-10", "UNIQUE_CARRIER": "DL", "ORIGIN_AIRPORT_SEQ_ID": "1169703", "ORIGIN": "FLL", "DEST_AIRPORT_SEQ_ID": "1348702", "DEST": "MSP", "CRS_DEP_TIME": "2015-03-10T11:25:00", "DEP_TIME": "2015-03-10T11:20:00", "DEP_DELAY": -5.0, "TAXI_OUT": 13.0, "WHEELS_OFF": "2015-03-10T11:33:00", "CRS_ARR_TIME": "2015-03-10T15:18:00", "CANCELLED": false, "DIVERTED": false, "DEP_AIRPORT_LAT": 26.0725, "DEP_AIRPORT_LON": -80.15277778, "DEP_AIRPORT_TZOFFSET": -14400.0, "ARR_AIRPORT_LAT": 44.88194444, "ARR_AIRPORT_LON": -93.22166667, "ARR_AIRPORT_TZOFFSET": -18000.0, "EVENT_TYPE": "wheelsoff", "EVENT_TIME": "2015-03-10T11:33:00"}        
  {"FL_DATE": "2015-03-10", "UNIQUE_CARRIER": "OO", "ORIGIN_AIRPORT_SEQ_ID": "1182304", "ORIGIN": "FWA", "DEST_AIRPORT_SEQ_ID": "1348702", "DEST": "MSP", "CRS_DEP_TIME": "2015-03-10T11:34:00", "DEP_TIME": "2015-03-10T11:31:00", "DEP_DELAY": -3.0, "TAXI_OUT": 17.0, "WHEELS_OFF": "2015-03-10T11:48:00", "CRS_ARR_TIME": "2015-03-10T13:30:00", "CANCELLED": false, "DIVERTED": false, "DEP_AIRPORT_LAT": 40.97833333, "DEP_AIRPORT_LON": -85.19527778, "DEP_AIRPORT_TZOFFSET": -14400.0, "ARR_AIRPORT_LAT": 44.88194444, "ARR_AIRPORT_LON": -93.22166667, "ARR_AIRPORT_TZOFFSET": -18000.0, "EVENT_TYPE": "wheelsoff", "EVENT_TIME": "2015-03-10T11:48:00"}    
  {"FL_DATE": "2015-03-10", "UNIQUE_CARRIER": "DL", "ORIGIN_AIRPORT_SEQ_ID": "1198603", "ORIGIN": "GRR", "DEST_AIRPORT_SEQ_ID": "1348702", "DEST": "MSP", "CRS_DEP_TIME": "2015-03-10T11:25:00", "DEP_TIME": "2015-03-10T11:18:00", "DEP_DELAY": -7.0, "TAXI_OUT": 16.0, "WHEELS_OFF": "2015-03-10T11:34:00", "CRS_ARR_TIME": "2015-03-10T12:59:00", "CANCELLED": false, "DIVERTED": false, "DEP_AIRPORT_LAT": 42.88083333, "DEP_AIRPORT_LON": -85.52277778, "DEP_AIRPORT_TZOFFSET": -14400.0, "ARR_AIRPORT_LAT": 44.88194444, "ARR_AIRPORT_LON": -93.22166667, "ARR_AIRPORT_TZOFFSET": -18000.0, "EVENT_TYPE": "wheelsoff", "EVENT_TIME": "2015-03-10T11:34:00"}    
  {"FL_DATE": "2015-03-10", "UNIQUE_CARRIER": "OO", "ORIGIN_AIRPORT_SEQ_ID": "1212903", "ORIGIN": "HIB", "DEST_AIRPORT_SEQ_ID": "1348702", "DEST": "MSP", "CRS_DEP_TIME": "2015-03-10T12:14:00", "DEP_TIME": "2015-03-10T12:01:00", "DEP_DELAY": -13.0, "TAXI_OUT": 9.0, "WHEELS_OFF": "2015-03-10T12:10:00", "CRS_ARR_TIME": "2015-03-10T13:25:00", "CANCELLED": false, "DIVERTED": false, "DEP_AIRPORT_LAT": 47.38666667, "DEP_AIRPORT_LON": -92.83888889, "DEP_AIRPORT_TZOFFSET": -18000.0, "ARR_AIRPORT_LAT": 44.88194444, "ARR_AIRPORT_LON": -93.22166667, "ARR_AIRPORT_TZOFFSET": -18000.0, "EVENT_TYPE": "wheelsoff", "EVENT_TIME": "2015-03-10T12:10:00"}    
  {"FL_DATE": "2015-03-10", "UNIQUE_CARRIER": "DL", "ORIGIN_AIRPORT_SEQ_ID": "1233904", "ORIGIN": "IND", "DEST_AIRPORT_SEQ_ID": "1348702", "DEST": "MSP", "CRS_DEP_TIME": "2015-03-10T11:12:00", "DEP_TIME": "2015-03-10T11:04:00", "DEP_DELAY": -8.0, "TAXI_OUT": 14.0, "WHEELS_OFF": "2015-03-10T11:18:00", "CRS_ARR_TIME": "2015-03-10T13:00:00", "CANCELLED": false, "DIVERTED": false, "DEP_AIRPORT_LAT": 39.71722222, "DEP_AIRPORT_LON": -86.29472222, "DEP_AIRPORT_TZOFFSET": -14400.0, "ARR_AIRPORT_LAT": 44.88194444, "ARR_AIRPORT_LON": -93.22166667, "ARR_AIRPORT_TZOFFSET": -18000.0, "EVENT_TYPE": "wheelsoff", "EVENT_TIME": "2015-03-10T11:18:00"}    
  {"FL_DATE": "2015-03-10", "UNIQUE_CARRIER": "OO", "ORIGIN_AIRPORT_SEQ_ID": "1238902", "ORIGIN": "ISN", "DEST_AIRPORT_SEQ_ID": "1348702", "DEST": "MSP", "CRS_DEP_TIME": "2015-03-10T11:15:00", "DEP_TIME": "2015-03-10T11:08:00", "DEP_DELAY": -7.0, "TAXI_OUT": 41.0, "WHEELS_OFF": "2015-03-10T11:49:00", "CRS_ARR_TIME": "2015-03-10T13:11:00", "CANCELLED": false, "DIVERTED": false, "DEP_AIRPORT_LAT": 48.17805556, "DEP_AIRPORT_LON": -103.64222222, "DEP_AIRPORT_TZOFFSET": -18000.0, "ARR_AIRPORT_LAT": 44.88194444, "ARR_AIRPORT_LON": -93.22166667, "ARR_AIRPORT_TZOFFSET": -18000.0, "EVENT_TYPE": "wheelsoff", "EVENT_TIME": "2015-03-10T11:49:00"}   
  {"FL_DATE": "2015-03-10", "UNIQUE_CARRIER": "WN", "ORIGIN_AIRPORT_SEQ_ID": "1295302", "ORIGIN": "LGA", "DEST_AIRPORT_SEQ_ID": "1334205", "DEST": "MKE", "CRS_DEP_TIME": "2015-03-10T12:30:00", "DEP_TIME": "2015-03-10T12:38:00", "DEP_DELAY": 8.0, "TAXI_OUT": 17.0, "WHEELS_OFF": "2015-03-10T12:55:00", "CRS_ARR_TIME": "2015-03-10T14:55:00", "CANCELLED": false, "DIVERTED": false, "DEP_AIRPORT_LAT": 40.77722222, "DEP_AIRPORT_LON": -73.8725, "DEP_AIRPORT_TZOFFSET": -14400.0, "ARR_AIRPORT_LAT": 42.94694444, "ARR_AIRPORT_LON": -87.89694444, "ARR_AIRPORT_TZOFFSET": -18000.0, "EVENT_TYPE": "wheelsoff", "EVENT_TIME": "2015-03-10T12:55:00"}         
  {"FL_DATE": "2015-03-10", "UNIQUE_CARRIER": "OO", "ORIGIN_AIRPORT_SEQ_ID": "1307602", "ORIGIN": "LSE", "DEST_AIRPORT_SEQ_ID": "1348702", "DEST": "MSP", "CRS_DEP_TIME": "2015-03-10T11:20:00", "DEP_TIME": "2015-03-10T11:20:00", "DEP_DELAY": 0.0, "TAXI_OUT": 7.0, "WHEELS_OFF": "2015-03-10T11:27:00", "CRS_ARR_TIME": "2015-03-10T12:25:00", "CANCELLED": false, "DIVERTED": false, "DEP_AIRPORT_LAT": 43.87916667, "DEP_AIRPORT_LON": -91.25666667, "DEP_AIRPORT_TZOFFSET": -18000.0, "ARR_AIRPORT_LAT": 44.88194444, "ARR_AIRPORT_LON": -93.22166667, "ARR_AIRPORT_TZOFFSET": -18000.0, "EVENT_TYPE": "wheelsoff", "EVENT_TIME": "2015-03-10T11:27:00"}      
  {"FL_DATE": "2015-03-10", "UNIQUE_CARRIER": "WN", "ORIGIN_AIRPORT_SEQ_ID": "1320402", "ORIGIN": "MCO", "DEST_AIRPORT_SEQ_ID": "1334205", "DEST": "MKE", "CRS_DEP_TIME": "2015-03-10T12:45:00", "DEP_TIME": "2015-03-10T12:44:00", "DEP_DELAY": -1.0, "TAXI_OUT": 9.0, "WHEELS_OFF": "2015-03-10T12:53:00", "CRS_ARR_TIME": "2015-03-10T15:45:00", "CANCELLED": false, "DIVERTED": false, "DEP_AIRPORT_LAT": 28.42944444, "DEP_AIRPORT_LON": -81.30888889, "DEP_AIRPORT_TZOFFSET": -14400.0, "ARR_AIRPORT_LAT": 42.94694444, "ARR_AIRPORT_LON": -87.89694444, "ARR_AIRPORT_TZOFFSET": -18000.0, "EVENT_TYPE": "wheelsoff", "EVENT_TIME": "2015-03-10T12:53:00"}     
  {"FL_DATE": "2015-03-10", "UNIQUE_CARRIER": "DL", "ORIGIN_AIRPORT_SEQ_ID": "1348602", "ORIGIN": "MSO", "DEST_AIRPORT_SEQ_ID": "1348702", "DEST": "MSP", "CRS_DEP_TIME": "2015-03-10T11:45:00", "DEP_TIME": "2015-03-10T11:38:00", "DEP_DELAY": -7.0, "TAXI_OUT": 21.0, "WHEELS_OFF": "2015-03-10T11:59:00", "CRS_ARR_TIME": "2015-03-10T14:23:00", "CANCELLED": false, "DIVERTED": false, "DEP_AIRPORT_LAT": 46.91638889, "DEP_AIRPORT_LON": -114.09055556, "DEP_AIRPORT_TZOFFSET": -21600.0, "ARR_AIRPORT_LAT": 44.88194444, "ARR_AIRPORT_LON": -93.22166667, "ARR_AIRPORT_TZOFFSET": -18000.0, "EVENT_TYPE": "wheelsoff", "EVENT_TIME": "2015-03-10T11:59:00"}   
  {"FL_DATE": "2015-03-10", "UNIQUE_CARRIER": "AA", "ORIGIN_AIRPORT_SEQ_ID": "1393003", "ORIGIN": "ORD", "DEST_AIRPORT_SEQ_ID": "1330303", "DEST": "MIA", "CRS_DEP_TIME": "2015-03-10T11:00:00", "DEP_TIME": "2015-03-10T10:54:00", "DEP_DELAY": -6.0, "TAXI_OUT": 12.0, "WHEELS_OFF": "2015-03-10T11:06:00", "CRS_ARR_TIME": "2015-03-10T14:03:00", "CANCELLED": false, "DIVERTED": false, "DEP_AIRPORT_LAT": 41.97944444, "DEP_AIRPORT_LON": -87.9075, "DEP_AIRPORT_TZOFFSET": -18000.0, "ARR_AIRPORT_LAT": 25.79527778, "ARR_AIRPORT_LON": -80.29, "ARR_AIRPORT_TZOFFSET": -14400.0, "EVENT_TYPE": "wheelsoff", "EVENT_TIME": "2015-03-10T11:06:00"}              
  {"FL_DATE": "2015-03-10", "UNIQUE_CARRIER": "AA", "ORIGIN_AIRPORT_SEQ_ID": "1393003", "ORIGIN": "ORD", "DEST_AIRPORT_SEQ_ID": "1330303", "DEST": "MIA", "CRS_DEP_TIME": "2015-03-10T12:30:00", "DEP_TIME": "2015-03-10T12:21:00", "DEP_DELAY": -9.0, "TAXI_OUT": 16.0, "WHEELS_OFF": "2015-03-10T12:37:00", "CRS_ARR_TIME": "2015-03-10T15:38:00", "CANCELLED": false, "DIVERTED": false, "DEP_AIRPORT_LAT": 41.97944444, "DEP_AIRPORT_LON": -87.9075, "DEP_AIRPORT_TZOFFSET": -18000.0, "ARR_AIRPORT_LAT": 25.79527778, "ARR_AIRPORT_LON": -80.29, "ARR_AIRPORT_TZOFFSET": -14400.0, "EVENT_TYPE": "wheelsoff", "EVENT_TIME": "2015-03-10T12:37:00"}              
  {"FL_DATE": "2015-03-10", "UNIQUE_CARRIER": "AA", "ORIGIN_AIRPORT_SEQ_ID": "1393003", "ORIGIN": "ORD", "DEST_AIRPORT_SEQ_ID": "1330303", "DEST": "MIA", "CRS_DEP_TIME": "2015-03-10T13:00:00", "DEP_TIME": "2015-03-10T12:55:00", "DEP_DELAY": -5.0, "TAXI_OUT": 13.0, "WHEELS_OFF": "2015-03-10T13:08:00", "CRS_ARR_TIME": "2015-03-10T16:06:00", "CANCELLED": false, "DIVERTED": false, "DEP_AIRPORT_LAT": 41.97944444, "DEP_AIRPORT_LON": -87.9075, "DEP_AIRPORT_TZOFFSET": -18000.0, "ARR_AIRPORT_LAT": 25.79527778, "ARR_AIRPORT_LON": -80.29, "ARR_AIRPORT_TZOFFSET": -14400.0, "EVENT_TYPE": "wheelsoff", "EVENT_TIME": "2015-03-10T13:08:00"}              
  {"FL_DATE": "2015-03-10", "UNIQUE_CARRIER": "F9", "ORIGIN_AIRPORT_SEQ_ID": "1393003", "ORIGIN": "ORD", "DEST_AIRPORT_SEQ_ID": "1330303", "DEST": "MIA", "CRS_DEP_TIME": "2015-03-10T11:00:00", "DEP_TIME": "2015-03-10T10:56:00", "DEP_DELAY": -4.0, "TAXI_OUT": 21.0, "WHEELS_OFF": "2015-03-10T11:17:00", "CRS_ARR_TIME": "2015-03-10T14:00:00", "CANCELLED": false, "DIVERTED": false, "DEP_AIRPORT_LAT": 41.97944444, "DEP_AIRPORT_LON": -87.9075, "DEP_AIRPORT_TZOFFSET": -18000.0, "ARR_AIRPORT_LAT": 25.79527778, "ARR_AIRPORT_LON": -80.29, "ARR_AIRPORT_TZOFFSET": -14400.0, "EVENT_TYPE": "wheelsoff", "EVENT_TIME": "2015-03-10T11:17:00"}              
  {"FL_DATE": "2015-03-10", "UNIQUE_CARRIER": "US", "ORIGIN_AIRPORT_SEQ_ID": "1410002", "ORIGIN": "PHL", "DEST_AIRPORT_SEQ_ID": "1330303", "DEST": "MIA", "CRS_DEP_TIME": "2015-03-10T11:35:00", "DEP_TIME": "2015-03-10T11:31:00", "DEP_DELAY": -4.0, "TAXI_OUT": 26.0, "WHEELS_OFF": "2015-03-10T11:57:00", "CRS_ARR_TIME": "2015-03-10T14:37:00", "CANCELLED": false, "DIVERTED": false, "DEP_AIRPORT_LAT": 39.87222222, "DEP_AIRPORT_LON": -75.24083333, "DEP_AIRPORT_TZOFFSET": -14400.0, "ARR_AIRPORT_LAT": 25.79527778, "ARR_AIRPORT_LON": -80.29, "ARR_AIRPORT_TZOFFSET": -14400.0, "EVENT_TYPE": "wheelsoff", "EVENT_TIME": "2015-03-10T11:57:00"}          
  {"FL_DATE": "2015-03-10", "UNIQUE_CARRIER": "WN", "ORIGIN_AIRPORT_SEQ_ID": "1410702", "ORIGIN": "PHX", "DEST_AIRPORT_SEQ_ID": "1334205", "DEST": "MKE", "CRS_DEP_TIME": "2015-03-10T12:50:00", "DEP_TIME": "2015-03-10T12:47:00", "DEP_DELAY": -3.0, "TAXI_OUT": 8.0, "WHEELS_OFF": "2015-03-10T12:55:00", "CRS_ARR_TIME": "2015-03-10T16:10:00", "CANCELLED": false, "DIVERTED": false, "DEP_AIRPORT_LAT": 33.43416667, "DEP_AIRPORT_LON": -112.01166667, "DEP_AIRPORT_TZOFFSET": -25200.0, "ARR_AIRPORT_LAT": 42.94694444, "ARR_AIRPORT_LON": -87.89694444, "ARR_AIRPORT_TZOFFSET": -18000.0, "EVENT_TYPE": "wheelsoff", "EVENT_TIME": "2015-03-10T12:55:00"}    
  {"FL_DATE": "2015-03-10", "UNIQUE_CARRIER": "OO", "ORIGIN_AIRPORT_SEQ_ID": "1445702", "ORIGIN": "RAP", "DEST_AIRPORT_SEQ_ID": "1348702", "DEST": "MSP", "CRS_DEP_TIME": "2015-03-10T12:35:00", "DEP_TIME": "2015-03-10T12:20:00", "DEP_DELAY": -15.0, "TAXI_OUT": 12.0, "WHEELS_OFF": "2015-03-10T12:32:00", "CRS_ARR_TIME": "2015-03-10T14:22:00", "CANCELLED": false, "DIVERTED": false, "DEP_AIRPORT_LAT": 44.04527778, "DEP_AIRPORT_LON": -103.05722222, "DEP_AIRPORT_TZOFFSET": -21600.0, "ARR_AIRPORT_LAT": 44.88194444, "ARR_AIRPORT_LON": -93.22166667, "ARR_AIRPORT_TZOFFSET": -18000.0, "EVENT_TYPE": "wheelsoff", "EVENT_TIME": "2015-03-10T12:32:00"}  
  {"FL_DATE": "2015-03-10", "UNIQUE_CARRIER": "EV", "ORIGIN_AIRPORT_SEQ_ID": "1452401", "ORIGIN": "RIC", "DEST_AIRPORT_SEQ_ID": "1348702", "DEST": "MSP", "CRS_DEP_TIME": "2015-03-10T11:15:00", "DEP_TIME": "2015-03-10T11:56:00", "DEP_DELAY": 41.0, "TAXI_OUT": 9.0, "WHEELS_OFF": "2015-03-10T12:05:00", "CRS_ARR_TIME": "2015-03-10T14:13:00", "CANCELLED": false, "DIVERTED": false, "DEP_AIRPORT_LAT": 37.50527778, "DEP_AIRPORT_LON": -77.31972222, "DEP_AIRPORT_TZOFFSET": -14400.0, "ARR_AIRPORT_LAT": 44.88194444, "ARR_AIRPORT_LON": -93.22166667, "ARR_AIRPORT_TZOFFSET": -18000.0, "EVENT_TYPE": "wheelsoff", "EVENT_TIME": "2015-03-10T12:05:00"}     
  {"FL_DATE": "2015-03-10", "UNIQUE_CARRIER": "OO", "ORIGIN_AIRPORT_SEQ_ID": "1469606", "ORIGIN": "SBN", "DEST_AIRPORT_SEQ_ID": "1348702", "DEST": "MSP", "CRS_DEP_TIME": "2015-03-10T11:30:00", "DEP_TIME": "2015-03-10T11:19:00", "DEP_DELAY": -11.0, "TAXI_OUT": 44.0, "WHEELS_OFF": "2015-03-10T12:03:00", "CRS_ARR_TIME": "2015-03-10T13:16:00", "CANCELLED": false, "DIVERTED": false, "DEP_AIRPORT_LAT": 41.70833333, "DEP_AIRPORT_LON": -86.31722222, "DEP_AIRPORT_TZOFFSET": -14400.0, "ARR_AIRPORT_LAT": 44.88194444, "ARR_AIRPORT_LON": -93.22166667, "ARR_AIRPORT_TZOFFSET": -18000.0, "EVENT_TYPE": "wheelsoff", "EVENT_TIME": "2015-03-10T12:03:00"}   
  {"FL_DATE": "2015-03-10", "UNIQUE_CARRIER": "WN", "ORIGIN_AIRPORT_SEQ_ID": "1501603", "ORIGIN": "STL", "DEST_AIRPORT_SEQ_ID": "1334205", "DEST": "MKE", "CRS_DEP_TIME": "2015-03-10T13:40:00", "DEP_TIME": "2015-03-10T13:38:00", "DEP_DELAY": -2.0, "TAXI_OUT": 15.0, "WHEELS_OFF": "2015-03-10T13:53:00", "CRS_ARR_TIME": "2015-03-10T14:50:00", "CANCELLED": false, "DIVERTED": false, "DEP_AIRPORT_LAT": 38.74861111, "DEP_AIRPORT_LON": -90.37, "DEP_AIRPORT_TZOFFSET": -18000.0, "ARR_AIRPORT_LAT": 42.94694444, "ARR_AIRPORT_LON": -87.89694444, "ARR_AIRPORT_TZOFFSET": -18000.0, "EVENT_TYPE": "wheelsoff", "EVENT_TIME": "2015-03-10T13:53:00"}          
  {"FL_DATE": "2015-03-10", "UNIQUE_CARRIER": "DL", "ORIGIN_AIRPORT_SEQ_ID": "1348702", "ORIGIN": "MSP", "DEST_AIRPORT_SEQ_ID": "1410702", "DEST": "PHX", "CRS_DEP_TIME": "2015-03-10T12:05:00", "DEP_TIME": "2015-03-10T12:00:00", "DEP_DELAY": -5.0, "TAXI_OUT": 10.0, "WHEELS_OFF": "2015-03-10T12:10:00", "CRS_ARR_TIME": "2015-03-10T15:28:00", "CANCELLED": false, "DIVERTED": false, "DEP_AIRPORT_LAT": 44.88194444, "DEP_AIRPORT_LON": -93.22166667, "DEP_AIRPORT_TZOFFSET": -18000.0, "ARR_AIRPORT_LAT": 33.43416667, "ARR_AIRPORT_LON": -112.01166667, "ARR_AIRPORT_TZOFFSET": -25200.0, "EVENT_TYPE": "wheelsoff", "EVENT_TIME": "2015-03-10T12:10:00"}   
  {"FL_DATE": "2015-03-10", "UNIQUE_CARRIER": "UA", "ORIGIN_AIRPORT_SEQ_ID": "1393003", "ORIGIN": "ORD", "DEST_AIRPORT_SEQ_ID": "1530402", "DEST": "TPA", "CRS_DEP_TIME": "2015-03-10T11:00:00", "DEP_TIME": "2015-03-10T10:53:00", "DEP_DELAY": -7.0, "TAXI_OUT": 18.0, "WHEELS_OFF": "2015-03-10T11:11:00", "CRS_ARR_TIME": "2015-03-10T13:40:00", "CANCELLED": false, "DIVERTED": false, "DEP_AIRPORT_LAT": 41.97944444, "DEP_AIRPORT_LON": -87.9075, "DEP_AIRPORT_TZOFFSET": -18000.0, "ARR_AIRPORT_LAT": 27.97555556, "ARR_AIRPORT_LON": -82.53333333, "ARR_AIRPORT_TZOFFSET": -14400.0, "EVENT_TYPE": "wheelsoff", "EVENT_TIME": "2015-03-10T11:11:00"}        
  {"FL_DATE": "2015-03-10", "UNIQUE_CARRIER": "US", "ORIGIN_AIRPORT_SEQ_ID": "1348702", "ORIGIN": "MSP", "DEST_AIRPORT_SEQ_ID": "1410702", "DEST": "PHX", "CRS_DEP_TIME": "2015-03-10T12:30:00", "DEP_TIME": "2015-03-10T12:21:00", "DEP_DELAY": -9.0, "TAXI_OUT": 26.0, "WHEELS_OFF": "2015-03-10T12:47:00", "CRS_ARR_TIME": "2015-03-10T16:16:00", "CANCELLED": false, "DIVERTED": false, "DEP_AIRPORT_LAT": 44.88194444, "DEP_AIRPORT_LON": -93.22166667, "DEP_AIRPORT_TZOFFSET": -18000.0, "ARR_AIRPORT_LAT": 33.43416667, "ARR_AIRPORT_LON": -112.01166667, "ARR_AIRPORT_TZOFFSET": -25200.0, "EVENT_TYPE": "wheelsoff", "EVENT_TIME": "2015-03-10T12:47:00"}   
  {"FL_DATE": "2015-03-10", "UNIQUE_CARRIER": "WN", "ORIGIN_AIRPORT_SEQ_ID": "1154003", "ORIGIN": "ELP", "DEST_AIRPORT_SEQ_ID": "1468303", "DEST": "SAT", "CRS_DEP_TIME": "2015-03-10T12:15:00", "DEP_TIME": "2015-03-10T12:12:00", "DEP_DELAY": -3.0, "TAXI_OUT": 6.0, "WHEELS_OFF": "2015-03-10T12:18:00", "CRS_ARR_TIME": "2015-03-10T13:40:00", "CANCELLED": false, "DIVERTED": false, "DEP_AIRPORT_LAT": 31.80722222, "DEP_AIRPORT_LON": -106.37638889, "DEP_AIRPORT_TZOFFSET": -21600.0, "ARR_AIRPORT_LAT": 29.53388889, "ARR_AIRPORT_LON": -98.46916667, "ARR_AIRPORT_TZOFFSET": -18000.0, "EVENT_TYPE": "wheelsoff", "EVENT_TIME": "2015-03-10T12:18:00"}    
  {"FL_DATE": "2015-03-10", "UNIQUE_CARRIER": "UA", "ORIGIN_AIRPORT_SEQ_ID": "1226402", "ORIGIN": "IAD", "DEST_AIRPORT_SEQ_ID": "1467903", "DEST": "SAN", "CRS_DEP_TIME": "2015-03-10T12:21:00", "DEP_TIME": "2015-03-10T12:16:00", "DEP_DELAY": -5.0, "TAXI_OUT": 9.0, "WHEELS_OFF": "2015-03-10T12:25:00", "CRS_ARR_TIME": "2015-03-10T18:12:00", "CANCELLED": false, "DIVERTED": false, "DEP_AIRPORT_LAT": 38.9475, "DEP_AIRPORT_LON": -77.46, "DEP_AIRPORT_TZOFFSET": -14400.0, "ARR_AIRPORT_LAT": 32.73361111, "ARR_AIRPORT_LON": -117.18972222, "ARR_AIRPORT_TZOFFSET": -25200.0, "EVENT_TYPE": "wheelsoff", "EVENT_TIME": "2015-03-10T12:25:00"}              
  {"FL_DATE": "2015-03-10", "UNIQUE_CARRIER": "B6", "ORIGIN_AIRPORT_SEQ_ID": "1247802", "ORIGIN": "JFK", "DEST_AIRPORT_SEQ_ID": "1467903", "DEST": "SAN", "CRS_DEP_TIME": "2015-03-10T13:23:00", "DEP_TIME": "2015-03-10T13:15:00", "DEP_DELAY": -8.0, "TAXI_OUT": 23.0, "WHEELS_OFF": "2015-03-10T13:38:00", "CRS_ARR_TIME": "2015-03-10T19:39:00", "CANCELLED": false, "DIVERTED": false, "DEP_AIRPORT_LAT": 40.63972222, "DEP_AIRPORT_LON": -73.77888889, "DEP_AIRPORT_TZOFFSET": -14400.0, "ARR_AIRPORT_LAT": 32.73361111, "ARR_AIRPORT_LON": -117.18972222, "ARR_AIRPORT_TZOFFSET": -25200.0, "EVENT_TYPE": "wheelsoff", "EVENT_TIME": "2015-03-10T13:38:00"}   
  {"FL_DATE": "2015-03-10", "UNIQUE_CARRIER": "WN", "ORIGIN_AIRPORT_SEQ_ID": "1082103", "ORIGIN": "BWI", "DEST_AIRPORT_SEQ_ID": "1468303", "DEST": "SAT", "CRS_DEP_TIME": "2015-03-10T13:30:00", "DEP_TIME": "2015-03-10T13:36:00", "DEP_DELAY": 6.0, "TAXI_OUT": 10.0, "WHEELS_OFF": "2015-03-10T13:46:00", "CRS_ARR_TIME": "2015-03-10T17:30:00", "CANCELLED": false, "DIVERTED": false, "DEP_AIRPORT_LAT": 39.17527778, "DEP_AIRPORT_LON": -76.66833333, "DEP_AIRPORT_TZOFFSET": -14400.0, "ARR_AIRPORT_LAT": 29.53388889, "ARR_AIRPORT_LON": -98.46916667, "ARR_AIRPORT_TZOFFSET": -18000.0, "EVENT_TYPE": "wheelsoff", "EVENT_TIME": "2015-03-10T13:46:00"}     
  {"FL_DATE": "2015-03-10", "UNIQUE_CARRIER": "WN", "ORIGIN_AIRPORT_SEQ_ID": "1323202", "ORIGIN": "MDW", "DEST_AIRPORT_SEQ_ID": "1468303", "DEST": "SAT", "CRS_DEP_TIME": "2015-03-10T13:40:00", "DEP_TIME": "2015-03-10T13:39:00", "DEP_DELAY": -1.0, "TAXI_OUT": 11.0, "WHEELS_OFF": "2015-03-10T13:50:00", "CRS_ARR_TIME": "2015-03-10T16:35:00", "CANCELLED": false, "DIVERTED": false, "DEP_AIRPORT_LAT": 41.78583333, "DEP_AIRPORT_LON": -87.7525, "DEP_AIRPORT_TZOFFSET": -18000.0, "ARR_AIRPORT_LAT": 29.53388889, "ARR_AIRPORT_LON": -98.46916667, "ARR_AIRPORT_TZOFFSET": -18000.0, "EVENT_TYPE": "wheelsoff", "EVENT_TIME": "2015-03-10T13:50:00"}        
  {"FL_DATE": "2015-03-10", "UNIQUE_CARRIER": "AS", "ORIGIN_AIRPORT_SEQ_ID": "1405702", "ORIGIN": "PDX", "DEST_AIRPORT_SEQ_ID": "1467903", "DEST": "SAN", "CRS_DEP_TIME": "2015-03-10T13:45:00", "DEP_TIME": "2015-03-10T13:37:00", "DEP_DELAY": -8.0, "TAXI_OUT": 18.0, "WHEELS_OFF": "2015-03-10T13:55:00", "CRS_ARR_TIME": "2015-03-10T16:10:00", "CANCELLED": false, "DIVERTED": false, "DEP_AIRPORT_LAT": 45.58861111, "DEP_AIRPORT_LON": -122.59694444, "DEP_AIRPORT_TZOFFSET": -25200.0, "ARR_AIRPORT_LAT": 32.73361111, "ARR_AIRPORT_LON": -117.18972222, "ARR_AIRPORT_TZOFFSET": -25200.0, "EVENT_TYPE": "wheelsoff", "EVENT_TIME": "2015-03-10T13:55:00"}  
  {"FL_DATE": "2015-03-10", "UNIQUE_CARRIER": "AS", "ORIGIN_AIRPORT_SEQ_ID": "1474703", "ORIGIN": "SEA", "DEST_AIRPORT_SEQ_ID": "1467903", "DEST": "SAN", "CRS_DEP_TIME": "2015-03-10T13:35:00", "DEP_TIME": "2015-03-10T13:49:00", "DEP_DELAY": 14.0, "TAXI_OUT": 10.0, "WHEELS_OFF": "2015-03-10T13:59:00", "CRS_ARR_TIME": "2015-03-10T16:17:00", "CANCELLED": false, "DIVERTED": false, "DEP_AIRPORT_LAT": 47.45, "DEP_AIRPORT_LON": -122.31166667, "DEP_AIRPORT_TZOFFSET": -25200.0, "ARR_AIRPORT_LAT": 32.73361111, "ARR_AIRPORT_LON": -117.18972222, "ARR_AIRPORT_TZOFFSET": -25200.0, "EVENT_TYPE": "wheelsoff", "EVENT_TIME": "2015-03-10T13:59:00"}        
  {"FL_DATE": "2015-03-10", "UNIQUE_CARRIER": "WN", "ORIGIN_AIRPORT_SEQ_ID": "1477101", "ORIGIN": "SFO", "DEST_AIRPORT_SEQ_ID": "1467903", "DEST": "SAN", "CRS_DEP_TIME": "2015-03-10T13:05:00", "DEP_TIME": "2015-03-10T13:00:00", "DEP_DELAY": -5.0, "TAXI_OUT": 12.0, "WHEELS_OFF": "2015-03-10T13:12:00", "CRS_ARR_TIME": "2015-03-10T14:40:00", "CANCELLED": false, "DIVERTED": false, "DEP_AIRPORT_LAT": 37.61888889, "DEP_AIRPORT_LON": -122.375, "DEP_AIRPORT_TZOFFSET": -25200.0, "ARR_AIRPORT_LAT": 32.73361111, "ARR_AIRPORT_LON": -117.18972222, "ARR_AIRPORT_TZOFFSET": -25200.0, "EVENT_TYPE": "wheelsoff", "EVENT_TIME": "2015-03-10T13:12:00"}       
  {"FL_DATE": "2015-03-10", "UNIQUE_CARRIER": "WN", "ORIGIN_AIRPORT_SEQ_ID": "1483103", "ORIGIN": "SJC", "DEST_AIRPORT_SEQ_ID": "1467903", "DEST": "SAN", "CRS_DEP_TIME": "2015-03-10T13:30:00", "DEP_TIME": "2015-03-10T13:27:00", "DEP_DELAY": -3.0, "TAXI_OUT": 14.0, "WHEELS_OFF": "2015-03-10T13:41:00", "CRS_ARR_TIME": "2015-03-10T14:50:00", "CANCELLED": false, "DIVERTED": false, "DEP_AIRPORT_LAT": 37.36277778, "DEP_AIRPORT_LON": -121.92916667, "DEP_AIRPORT_TZOFFSET": -25200.0, "ARR_AIRPORT_LAT": 32.73361111, "ARR_AIRPORT_LON": -117.18972222, "ARR_AIRPORT_TZOFFSET": -25200.0, "EVENT_TYPE": "wheelsoff", "EVENT_TIME": "2015-03-10T13:41:00"}  
  {"FL_DATE": "2015-03-10", "UNIQUE_CARRIER": "WN", "ORIGIN_AIRPORT_SEQ_ID": "1288903", "ORIGIN": "LAS", "DEST_AIRPORT_SEQ_ID": "1468303", "DEST": "SAT", "CRS_DEP_TIME": "2015-03-10T12:55:00", "DEP_TIME": "2015-03-10T13:01:00", "DEP_DELAY": 6.0, "TAXI_OUT": 24.0, "WHEELS_OFF": "2015-03-10T13:25:00", "CRS_ARR_TIME": "2015-03-10T15:25:00", "CANCELLED": false, "DIVERTED": false, "DEP_AIRPORT_LAT": 36.08, "DEP_AIRPORT_LON": -115.15222222, "DEP_AIRPORT_TZOFFSET": -25200.0, "ARR_AIRPORT_LAT": 29.53388889, "ARR_AIRPORT_LON": -98.46916667, "ARR_AIRPORT_TZOFFSET": -18000.0, "EVENT_TYPE": "wheelsoff", "EVENT_TIME": "2015-03-10T13:25:00"}          
  {"FL_DATE": "2015-03-10", "UNIQUE_CARRIER": "AS", "ORIGIN_AIRPORT_SEQ_ID": "1066602", "ORIGIN": "BLI", "DEST_AIRPORT_SEQ_ID": "1474703", "DEST": "SEA", "CRS_DEP_TIME": "2015-03-10T13:40:00", "DEP_TIME": "2015-03-10T13:37:00", "DEP_DELAY": -3.0, "TAXI_OUT": 15.0, "WHEELS_OFF": "2015-03-10T13:52:00", "CRS_ARR_TIME": "2015-03-10T14:20:00", "CANCELLED": false, "DIVERTED": false, "DEP_AIRPORT_LAT": 48.79277778, "DEP_AIRPORT_LON": -122.5375, "DEP_AIRPORT_TZOFFSET": -25200.0, "ARR_AIRPORT_LAT": 47.45, "ARR_AIRPORT_LON": -122.31166667, "ARR_AIRPORT_TZOFFSET": -25200.0, "EVENT_TYPE": "wheelsoff", "EVENT_TIME": "2015-03-10T13:52:00"}            
  {"FL_DATE": "2015-03-10", "UNIQUE_CARRIER": "AS", "ORIGIN_AIRPORT_SEQ_ID": "1348702", "ORIGIN": "MSP", "DEST_AIRPORT_SEQ_ID": "1474703", "DEST": "SEA", "CRS_DEP_TIME": "2015-03-10T12:00:00", "DEP_TIME": "2015-03-10T11:55:00", "DEP_DELAY": -5.0, "TAXI_OUT": 15.0, "WHEELS_OFF": "2015-03-10T12:10:00", "CRS_ARR_TIME": "2015-03-10T15:40:00", "CANCELLED": false, "DIVERTED": false, "DEP_AIRPORT_LAT": 44.88194444, "DEP_AIRPORT_LON": -93.22166667, "DEP_AIRPORT_TZOFFSET": -18000.0, "ARR_AIRPORT_LAT": 47.45, "ARR_AIRPORT_LON": -122.31166667, "ARR_AIRPORT_TZOFFSET": -25200.0, "EVENT_TYPE": "wheelsoff", "EVENT_TIME": "2015-03-10T12:10:00"}         
  {"FL_DATE": "2015-03-10", "UNIQUE_CARRIER": "AA", "ORIGIN_AIRPORT_SEQ_ID": "1393003", "ORIGIN": "ORD", "DEST_AIRPORT_SEQ_ID": "1474703", "DEST": "SEA", "CRS_DEP_TIME": "2015-03-10T13:25:00", "DEP_TIME": "2015-03-10T13:36:00", "DEP_DELAY": 11.0, "TAXI_OUT": 17.0, "WHEELS_OFF": "2015-03-10T13:53:00", "CRS_ARR_TIME": "2015-03-10T18:00:00", "CANCELLED": false, "DIVERTED": false, "DEP_AIRPORT_LAT": 41.97944444, "DEP_AIRPORT_LON": -87.9075, "DEP_AIRPORT_TZOFFSET": -18000.0, "ARR_AIRPORT_LAT": 47.45, "ARR_AIRPORT_LON": -122.31166667, "ARR_AIRPORT_TZOFFSET": -25200.0, "EVENT_TYPE": "wheelsoff", "EVENT_TIME": "2015-03-10T13:53:00"}             
  {"FL_DATE": "2015-03-10", "UNIQUE_CARRIER": "AS", "ORIGIN_AIRPORT_SEQ_ID": "1393003", "ORIGIN": "ORD", "DEST_AIRPORT_SEQ_ID": "1474703", "DEST": "SEA", "CRS_DEP_TIME": "2015-03-10T11:00:00", "DEP_TIME": "2015-03-10T10:50:00", "DEP_DELAY": -10.0, "TAXI_OUT": 27.0, "WHEELS_OFF": "2015-03-10T11:17:00", "CRS_ARR_TIME": "2015-03-10T15:25:00", "CANCELLED": false, "DIVERTED": false, "DEP_AIRPORT_LAT": 41.97944444, "DEP_AIRPORT_LON": -87.9075, "DEP_AIRPORT_TZOFFSET": -18000.0, "ARR_AIRPORT_LAT": 47.45, "ARR_AIRPORT_LON": -122.31166667, "ARR_AIRPORT_TZOFFSET": -25200.0, "EVENT_TYPE": "wheelsoff", "EVENT_TIME": "2015-03-10T11:17:00"}            
  {"FL_DATE": "2015-03-10", "UNIQUE_CARRIER": "AS", "ORIGIN_AIRPORT_SEQ_ID": "1393003", "ORIGIN": "ORD", "DEST_AIRPORT_SEQ_ID": "1474703", "DEST": "SEA", "CRS_DEP_TIME": "2015-03-10T13:00:00", "DEP_TIME": "2015-03-10T12:50:00", "DEP_DELAY": -10.0, "TAXI_OUT": 47.0, "WHEELS_OFF": "2015-03-10T13:37:00", "CRS_ARR_TIME": "2015-03-10T17:30:00", "CANCELLED": false, "DIVERTED": false, "DEP_AIRPORT_LAT": 41.97944444, "DEP_AIRPORT_LON": -87.9075, "DEP_AIRPORT_TZOFFSET": -18000.0, "ARR_AIRPORT_LAT": 47.45, "ARR_AIRPORT_LON": -122.31166667, "ARR_AIRPORT_TZOFFSET": -25200.0, "EVENT_TYPE": "wheelsoff", "EVENT_TIME": "2015-03-10T13:37:00"}            
  {"FL_DATE": "2015-03-10", "UNIQUE_CARRIER": "AS", "ORIGIN_AIRPORT_SEQ_ID": "1379603", "ORIGIN": "OAK", "DEST_AIRPORT_SEQ_ID": "1474703", "DEST": "SEA", "CRS_DEP_TIME": "2015-03-10T13:10:00", "DEP_TIME": "2015-03-10T12:57:00", "DEP_DELAY": -13.0, "TAXI_OUT": 14.0, "WHEELS_OFF": "2015-03-10T13:11:00", "CRS_ARR_TIME": "2015-03-10T15:08:00", "CANCELLED": false, "DIVERTED": false, "DEP_AIRPORT_LAT": 37.72277778, "DEP_AIRPORT_LON": -122.22138889, "DEP_AIRPORT_TZOFFSET": -25200.0, "ARR_AIRPORT_LAT": 47.45, "ARR_AIRPORT_LON": -122.31166667, "ARR_AIRPORT_TZOFFSET": -25200.0, "EVENT_TYPE": "wheelsoff", "EVENT_TIME": "2015-03-10T13:11:00"}       
  {"FL_DATE": "2015-03-10", "UNIQUE_CARRIER": "OO", "ORIGIN_AIRPORT_SEQ_ID": "1163805", "ORIGIN": "FAT", "DEST_AIRPORT_SEQ_ID": "1474703", "DEST": "SEA", "CRS_DEP_TIME": "2015-03-10T13:00:00", "DEP_TIME": "2015-03-10T12:50:00", "DEP_DELAY": -10.0, "TAXI_OUT": 12.0, "WHEELS_OFF": "2015-03-10T13:02:00", "CRS_ARR_TIME": "2015-03-10T15:07:00", "CANCELLED": false, "DIVERTED": false, "DEP_AIRPORT_LAT": 36.77666667, "DEP_AIRPORT_LON": -119.71888889, "DEP_AIRPORT_TZOFFSET": -25200.0, "ARR_AIRPORT_LAT": 47.45, "ARR_AIRPORT_LON": -122.31166667, "ARR_AIRPORT_TZOFFSET": -25200.0, "EVENT_TYPE": "wheelsoff", "EVENT_TIME": "2015-03-10T13:02:00"}       
  {"FL_DATE": "2015-03-10", "UNIQUE_CARRIER": "AS", "ORIGIN_AIRPORT_SEQ_ID": "1389101", "ORIGIN": "ONT", "DEST_AIRPORT_SEQ_ID": "1474703", "DEST": "SEA", "CRS_DEP_TIME": "2015-03-10T13:00:00", "DEP_TIME": "2015-03-10T12:50:00", "DEP_DELAY": -10.0, "TAXI_OUT": 14.0, "WHEELS_OFF": "2015-03-10T13:04:00", "CRS_ARR_TIME": "2015-03-10T15:38:00", "CANCELLED": false, "DIVERTED": false, "DEP_AIRPORT_LAT": 34.05611111, "DEP_AIRPORT_LON": -117.60111111, "DEP_AIRPORT_TZOFFSET": -25200.0, "ARR_AIRPORT_LAT": 47.45, "ARR_AIRPORT_LON": -122.31166667, "ARR_AIRPORT_TZOFFSET": -25200.0, "EVENT_TYPE": "wheelsoff", "EVENT_TIME": "2015-03-10T13:04:00"}       
  {"FL_DATE": "2015-03-10", "UNIQUE_CARRIER": "AS", "ORIGIN_AIRPORT_SEQ_ID": "1289203", "ORIGIN": "LAX", "DEST_AIRPORT_SEQ_ID": "1474703", "DEST": "SEA", "CRS_DEP_TIME": "2015-03-10T13:00:00", "DEP_TIME": "2015-03-10T12:53:00", "DEP_DELAY": -7.0, "TAXI_OUT": 21.0, "WHEELS_OFF": "2015-03-10T13:14:00", "CRS_ARR_TIME": "2015-03-10T15:46:00", "CANCELLED": false, "DIVERTED": false, "DEP_AIRPORT_LAT": 33.9425, "DEP_AIRPORT_LON": -118.40805556, "DEP_AIRPORT_TZOFFSET": -25200.0, "ARR_AIRPORT_LAT": 47.45, "ARR_AIRPORT_LON": -122.31166667, "ARR_AIRPORT_TZOFFSET": -25200.0, "EVENT_TYPE": "wheelsoff", "EVENT_TIME": "2015-03-10T13:14:00"}            
  {"FL_DATE": "2015-03-10", "UNIQUE_CARRIER": "AS", "ORIGIN_AIRPORT_SEQ_ID": "1410702", "ORIGIN": "PHX", "DEST_AIRPORT_SEQ_ID": "1474703", "DEST": "SEA", "CRS_DEP_TIME": "2015-03-10T13:00:00", "DEP_TIME": "2015-03-10T12:56:00", "DEP_DELAY": -4.0, "TAXI_OUT": 9.0, "WHEELS_OFF": "2015-03-10T13:05:00", "CRS_ARR_TIME": "2015-03-10T15:58:00", "CANCELLED": false, "DIVERTED": false, "DEP_AIRPORT_LAT": 33.43416667, "DEP_AIRPORT_LON": -112.01166667, "DEP_AIRPORT_TZOFFSET": -25200.0, "ARR_AIRPORT_LAT": 47.45, "ARR_AIRPORT_LON": -122.31166667, "ARR_AIRPORT_TZOFFSET": -25200.0, "EVENT_TYPE": "wheelsoff", "EVENT_TIME": "2015-03-10T13:05:00"}         
  {"FL_DATE": "2015-03-10", "UNIQUE_CARRIER": "UA", "ORIGIN_AIRPORT_SEQ_ID": "1477101", "ORIGIN": "SFO", "DEST_AIRPORT_SEQ_ID": "1474703", "DEST": "SEA", "CRS_DEP_TIME": "2015-03-10T13:17:00", "DEP_TIME": "2015-03-10T13:12:00", "DEP_DELAY": -5.0, "TAXI_OUT": 14.0, "WHEELS_OFF": "2015-03-10T13:26:00", "CRS_ARR_TIME": "2015-03-10T15:22:00", "CANCELLED": false, "DIVERTED": false, "DEP_AIRPORT_LAT": 37.61888889, "DEP_AIRPORT_LON": -122.375, "DEP_AIRPORT_TZOFFSET": -25200.0, "ARR_AIRPORT_LAT": 47.45, "ARR_AIRPORT_LON": -122.31166667, "ARR_AIRPORT_TZOFFSET": -25200.0, "EVENT_TYPE": "wheelsoff", "EVENT_TIME": "2015-03-10T13:26:00"}             
  {"FL_DATE": "2015-03-10", "UNIQUE_CARRIER": "DL", "ORIGIN_AIRPORT_SEQ_ID": "1039705", "ORIGIN": "ATL", "DEST_AIRPORT_SEQ_ID": "1474703", "DEST": "SEA", "CRS_DEP_TIME": "2015-03-10T12:15:00", "DEP_TIME": "2015-03-10T12:21:00", "DEP_DELAY": 6.0, "TAXI_OUT": 17.0, "WHEELS_OFF": "2015-03-10T12:38:00", "CRS_ARR_TIME": "2015-03-10T17:45:00", "CANCELLED": false, "DIVERTED": false, "DEP_AIRPORT_LAT": 33.63666667, "DEP_AIRPORT_LON": -84.42777778, "DEP_AIRPORT_TZOFFSET": -14400.0, "ARR_AIRPORT_LAT": 47.45, "ARR_AIRPORT_LON": -122.31166667, "ARR_AIRPORT_TZOFFSET": -25200.0, "EVENT_TYPE": "wheelsoff", "EVENT_TIME": "2015-03-10T12:38:00"}          
  {"FL_DATE": "2015-03-10", "UNIQUE_CARRIER": "B6", "ORIGIN_AIRPORT_SEQ_ID": "1072102", "ORIGIN": "BOS", "DEST_AIRPORT_SEQ_ID": "1474703", "DEST": "SEA", "CRS_DEP_TIME": "2015-03-10T12:55:00", "DEP_TIME": "2015-03-10T12:48:00", "DEP_DELAY": -7.0, "TAXI_OUT": 18.0, "WHEELS_OFF": "2015-03-10T13:06:00", "CRS_ARR_TIME": "2015-03-10T19:07:00", "CANCELLED": false, "DIVERTED": false, "DEP_AIRPORT_LAT": 42.36305556, "DEP_AIRPORT_LON": -71.00638889, "DEP_AIRPORT_TZOFFSET": -14400.0, "ARR_AIRPORT_LAT": 47.45, "ARR_AIRPORT_LON": -122.31166667, "ARR_AIRPORT_TZOFFSET": -25200.0, "EVENT_TYPE": "wheelsoff", "EVENT_TIME": "2015-03-10T13:06:00"}         
  {"FL_DATE": "2015-03-10", "UNIQUE_CARRIER": "DL", "ORIGIN_AIRPORT_SEQ_ID": "1143302", "ORIGIN": "DTW", "DEST_AIRPORT_SEQ_ID": "1474703", "DEST": "SEA", "CRS_DEP_TIME": "2015-03-10T12:45:00", "DEP_TIME": "2015-03-10T12:41:00", "DEP_DELAY": -4.0, "TAXI_OUT": 18.0, "WHEELS_OFF": "2015-03-10T12:59:00", "CRS_ARR_TIME": "2015-03-10T17:39:00", "CANCELLED": false, "DIVERTED": false, "DEP_AIRPORT_LAT": 42.2125, "DEP_AIRPORT_LON": -83.35333333, "DEP_AIRPORT_TZOFFSET": -14400.0, "ARR_AIRPORT_LAT": 47.45, "ARR_AIRPORT_LON": -122.31166667, "ARR_AIRPORT_TZOFFSET": -25200.0, "EVENT_TYPE": "wheelsoff", "EVENT_TIME": "2015-03-10T12:59:00"}             
  {"FL_DATE": "2015-03-10", "UNIQUE_CARRIER": "UA", "ORIGIN_AIRPORT_SEQ_ID": "1161802", "ORIGIN": "EWR", "DEST_AIRPORT_SEQ_ID": "1474703", "DEST": "SEA", "CRS_DEP_TIME": "2015-03-10T13:45:00", "DEP_TIME": "2015-03-10T13:46:00", "DEP_DELAY": 1.0, "TAXI_OUT": 10.0, "WHEELS_OFF": "2015-03-10T13:56:00", "CRS_ARR_TIME": "2015-03-10T20:01:00", "CANCELLED": false, "DIVERTED": false, "DEP_AIRPORT_LAT": 40.6925, "DEP_AIRPORT_LON": -74.16861111, "DEP_AIRPORT_TZOFFSET": -14400.0, "ARR_AIRPORT_LAT": 47.45, "ARR_AIRPORT_LON": -122.31166667, "ARR_AIRPORT_TZOFFSET": -25200.0, "EVENT_TYPE": "wheelsoff", "EVENT_TIME": "2015-03-10T13:56:00"}              
  {"FL_DATE": "2015-03-10", "UNIQUE_CARRIER": "UA", "ORIGIN_AIRPORT_SEQ_ID": "1226402", "ORIGIN": "IAD", "DEST_AIRPORT_SEQ_ID": "1474703", "DEST": "SEA", "CRS_DEP_TIME": "2015-03-10T12:15:00", "DEP_TIME": "2015-03-10T12:09:00", "DEP_DELAY": -6.0, "TAXI_OUT": 16.0, "WHEELS_OFF": "2015-03-10T12:25:00", "CRS_ARR_TIME": "2015-03-10T18:00:00", "CANCELLED": false, "DIVERTED": false, "DEP_AIRPORT_LAT": 38.9475, "DEP_AIRPORT_LON": -77.46, "DEP_AIRPORT_TZOFFSET": -14400.0, "ARR_AIRPORT_LAT": 47.45, "ARR_AIRPORT_LON": -122.31166667, "ARR_AIRPORT_TZOFFSET": -25200.0, "EVENT_TYPE": "wheelsoff", "EVENT_TIME": "2015-03-10T12:25:00"}                   
  {"FL_DATE": "2015-03-10", "UNIQUE_CARRIER": "DL", "ORIGIN_AIRPORT_SEQ_ID": "1247802", "ORIGIN": "JFK", "DEST_AIRPORT_SEQ_ID": "1474703", "DEST": "SEA", "CRS_DEP_TIME": "2015-03-10T11:30:00", "DEP_TIME": "2015-03-10T12:02:00", "DEP_DELAY": 32.0, "TAXI_OUT": 27.0, "WHEELS_OFF": "2015-03-10T12:29:00", "CRS_ARR_TIME": "2015-03-10T17:40:00", "CANCELLED": false, "DIVERTED": false, "DEP_AIRPORT_LAT": 40.63972222, "DEP_AIRPORT_LON": -73.77888889, "DEP_AIRPORT_TZOFFSET": -14400.0, "ARR_AIRPORT_LAT": 47.45, "ARR_AIRPORT_LON": -122.31166667, "ARR_AIRPORT_TZOFFSET": -25200.0, "EVENT_TYPE": "wheelsoff", "EVENT_TIME": "2015-03-10T12:29:00"}         
  {"FL_DATE": "2015-03-10", "UNIQUE_CARRIER": "AS", "ORIGIN_AIRPORT_SEQ_ID": "1163002", "ORIGIN": "FAI", "DEST_AIRPORT_SEQ_ID": "1474703", "DEST": "SEA", "CRS_DEP_TIME": "2015-03-10T09:50:00", "DEP_TIME": "2015-03-10T09:43:00", "DEP_DELAY": -7.0, "TAXI_OUT": 26.0, "WHEELS_OFF": "2015-03-10T10:09:00", "CRS_ARR_TIME": "2015-03-10T13:20:00", "CANCELLED": false, "DIVERTED": false, "DEP_AIRPORT_LAT": 64.815, "DEP_AIRPORT_LON": -147.85638889, "DEP_AIRPORT_TZOFFSET": -28800.0, "ARR_AIRPORT_LAT": 47.45, "ARR_AIRPORT_LON": -122.31166667, "ARR_AIRPORT_TZOFFSET": -25200.0, "EVENT_TYPE": "wheelsoff", "EVENT_TIME": "2015-03-10T10:09:00"}             
  {"FL_DATE": "2015-03-10", "UNIQUE_CARRIER": "AS", "ORIGIN_AIRPORT_SEQ_ID": "1029904", "ORIGIN": "ANC", "DEST_AIRPORT_SEQ_ID": "1474703", "DEST": "SEA", "CRS_DEP_TIME": "2015-03-10T13:05:00", "DEP_TIME": "2015-03-10T13:01:00", "DEP_DELAY": -4.0, "TAXI_OUT": 14.0, "WHEELS_OFF": "2015-03-10T13:15:00", "CRS_ARR_TIME": "2015-03-10T16:24:00", "CANCELLED": false, "DIVERTED": false, "DEP_AIRPORT_LAT": 61.17416667, "DEP_AIRPORT_LON": -149.99805556, "DEP_AIRPORT_TZOFFSET": -28800.0, "ARR_AIRPORT_LAT": 47.45, "ARR_AIRPORT_LON": -122.31166667, "ARR_AIRPORT_TZOFFSET": -25200.0, "EVENT_TYPE": "wheelsoff", "EVENT_TIME": "2015-03-10T13:15:00"}        
  {"FL_DATE": "2015-03-10", "UNIQUE_CARRIER": "AS", "ORIGIN_AIRPORT_SEQ_ID": "1129803", "ORIGIN": "DFW", "DEST_AIRPORT_SEQ_ID": "1474703", "DEST": "SEA", "CRS_DEP_TIME": "2015-03-10T13:00:00", "DEP_TIME": "2015-03-10T12:57:00", "DEP_DELAY": -3.0, "TAXI_OUT": 13.0, "WHEELS_OFF": "2015-03-10T13:10:00", "CRS_ARR_TIME": "2015-03-10T17:20:00", "CANCELLED": false, "DIVERTED": false, "DEP_AIRPORT_LAT": 32.89694444, "DEP_AIRPORT_LON": -97.03805556, "DEP_AIRPORT_TZOFFSET": -18000.0, "ARR_AIRPORT_LAT": 47.45, "ARR_AIRPORT_LON": -122.31166667, "ARR_AIRPORT_TZOFFSET": -25200.0, "EVENT_TYPE": "wheelsoff", "EVENT_TIME": "2015-03-10T13:10:00"}         
  {"FL_DATE": "2015-03-10", "UNIQUE_CARRIER": "AA", "ORIGIN_AIRPORT_SEQ_ID": "1129803", "ORIGIN": "DFW", "DEST_AIRPORT_SEQ_ID": "1474703", "DEST": "SEA", "CRS_DEP_TIME": "2015-03-10T13:05:00", "DEP_TIME": "2015-03-10T13:01:00", "DEP_DELAY": -4.0, "TAXI_OUT": 18.0, "WHEELS_OFF": "2015-03-10T13:19:00", "CRS_ARR_TIME": "2015-03-10T17:34:00", "CANCELLED": false, "DIVERTED": false, "DEP_AIRPORT_LAT": 32.89694444, "DEP_AIRPORT_LON": -97.03805556, "DEP_AIRPORT_TZOFFSET": -18000.0, "ARR_AIRPORT_LAT": 47.45, "ARR_AIRPORT_LON": -122.31166667, "ARR_AIRPORT_TZOFFSET": -25200.0, "EVENT_TYPE": "wheelsoff", "EVENT_TIME": "2015-03-10T13:19:00"}         
  {"FL_DATE": "2015-03-10", "UNIQUE_CARRIER": "F9", "ORIGIN_AIRPORT_SEQ_ID": "1129202", "ORIGIN": "DEN", "DEST_AIRPORT_SEQ_ID": "1127802", "DEST": "DCA", "CRS_DEP_TIME": "2015-03-10T13:35:00", "DEP_TIME": "2015-03-10T13:32:00", "DEP_DELAY": -3.0, "TAXI_OUT": 9.0, "WHEELS_OFF": "2015-03-10T13:41:00", "CRS_ARR_TIME": "2015-03-10T16:50:00", "CANCELLED": false, "DIVERTED": false, "DEP_AIRPORT_LAT": 39.86166667, "DEP_AIRPORT_LON": -104.67305556, "DEP_AIRPORT_TZOFFSET": -21600.0, "ARR_AIRPORT_LAT": 38.85194444, "ARR_AIRPORT_LON": -77.03777778, "ARR_AIRPORT_TZOFFSET": -14400.0, "EVENT_TYPE": "wheelsoff", "EVENT_TIME": "2015-03-10T13:41:00"}    
  {"FL_DATE": "2015-03-10", "UNIQUE_CARRIER": "B6", "ORIGIN_AIRPORT_SEQ_ID": "1245102", "ORIGIN": "JAX", "DEST_AIRPORT_SEQ_ID": "1127802", "DEST": "DCA", "CRS_DEP_TIME": "2015-03-10T13:15:00", "DEP_TIME": "2015-03-10T13:10:00", "DEP_DELAY": -5.0, "TAXI_OUT": 15.0, "WHEELS_OFF": "2015-03-10T13:25:00", "CRS_ARR_TIME": "2015-03-10T15:06:00", "CANCELLED": false, "DIVERTED": false, "DEP_AIRPORT_LAT": 30.49416667, "DEP_AIRPORT_LON": -81.68777778, "DEP_AIRPORT_TZOFFSET": -14400.0, "ARR_AIRPORT_LAT": 38.85194444, "ARR_AIRPORT_LON": -77.03777778, "ARR_AIRPORT_TZOFFSET": -14400.0, "EVENT_TYPE": "wheelsoff", "EVENT_TIME": "2015-03-10T13:25:00"}    
  {"FL_DATE": "2015-03-10", "UNIQUE_CARRIER": "B6", "ORIGIN_AIRPORT_SEQ_ID": "1169703", "ORIGIN": "FLL", "DEST_AIRPORT_SEQ_ID": "1127802", "DEST": "DCA", "CRS_DEP_TIME": "2015-03-10T13:35:00", "DEP_TIME": "2015-03-10T13:33:00", "DEP_DELAY": -2.0, "TAXI_OUT": 13.0, "WHEELS_OFF": "2015-03-10T13:46:00", "CRS_ARR_TIME": "2015-03-10T16:00:00", "CANCELLED": false, "DIVERTED": false, "DEP_AIRPORT_LAT": 26.0725, "DEP_AIRPORT_LON": -80.15277778, "DEP_AIRPORT_TZOFFSET": -14400.0, "ARR_AIRPORT_LAT": 38.85194444, "ARR_AIRPORT_LON": -77.03777778, "ARR_AIRPORT_TZOFFSET": -14400.0, "EVENT_TYPE": "wheelsoff", "EVENT_TIME": "2015-03-10T13:46:00"}        
  {"FL_DATE": "2015-03-10", "UNIQUE_CARRIER": "WN", "ORIGIN_AIRPORT_SEQ_ID": "1233904", "ORIGIN": "IND", "DEST_AIRPORT_SEQ_ID": "1127802", "DEST": "DCA", "CRS_DEP_TIME": "2015-03-10T11:20:00", "DEP_TIME": "2015-03-10T11:19:00", "DEP_DELAY": -1.0, "TAXI_OUT": 9.0, "WHEELS_OFF": "2015-03-10T11:28:00", "CRS_ARR_TIME": "2015-03-10T12:55:00", "CANCELLED": false, "DIVERTED": false, "DEP_AIRPORT_LAT": 39.71722222, "DEP_AIRPORT_LON": -86.29472222, "DEP_AIRPORT_TZOFFSET": -14400.0, "ARR_AIRPORT_LAT": 38.85194444, "ARR_AIRPORT_LON": -77.03777778, "ARR_AIRPORT_TZOFFSET": -14400.0, "EVENT_TYPE": "wheelsoff", "EVENT_TIME": "2015-03-10T11:28:00"}     
  {"FL_DATE": "2015-03-10", "UNIQUE_CARRIER": "WN", "ORIGIN_AIRPORT_SEQ_ID": "1039705", "ORIGIN": "ATL", "DEST_AIRPORT_SEQ_ID": "1127802", "DEST": "DCA", "CRS_DEP_TIME": "2015-03-10T13:40:00", "DEP_TIME": "2015-03-10T13:35:00", "DEP_DELAY": -5.0, "TAXI_OUT": 10.0, "WHEELS_OFF": "2015-03-10T13:45:00", "CRS_ARR_TIME": "2015-03-10T15:25:00", "CANCELLED": false, "DIVERTED": false, "DEP_AIRPORT_LAT": 33.63666667, "DEP_AIRPORT_LON": -84.42777778, "DEP_AIRPORT_TZOFFSET": -14400.0, "ARR_AIRPORT_LAT": 38.85194444, "ARR_AIRPORT_LON": -77.03777778, "ARR_AIRPORT_TZOFFSET": -14400.0, "EVENT_TYPE": "wheelsoff", "EVENT_TIME": "2015-03-10T13:45:00"}    
  {"FL_DATE": "2015-03-10", "UNIQUE_CARRIER": "DL", "ORIGIN_AIRPORT_SEQ_ID": "1039705", "ORIGIN": "ATL", "DEST_AIRPORT_SEQ_ID": "1127802", "DEST": "DCA", "CRS_DEP_TIME": "2015-03-10T13:20:00", "DEP_TIME": "2015-03-10T13:15:00", "DEP_DELAY": -5.0, "TAXI_OUT": 14.0, "WHEELS_OFF": "2015-03-10T13:29:00", "CRS_ARR_TIME": "2015-03-10T15:01:00", "CANCELLED": false, "DIVERTED": false, "DEP_AIRPORT_LAT": 33.63666667, "DEP_AIRPORT_LON": -84.42777778, "DEP_AIRPORT_TZOFFSET": -14400.0, "ARR_AIRPORT_LAT": 38.85194444, "ARR_AIRPORT_LON": -77.03777778, "ARR_AIRPORT_TZOFFSET": -14400.0, "EVENT_TYPE": "wheelsoff", "EVENT_TIME": "2015-03-10T13:29:00"}    
  {"FL_DATE": "2015-03-10", "UNIQUE_CARRIER": "DL", "ORIGIN_AIRPORT_SEQ_ID": "1039705", "ORIGIN": "ATL", "DEST_AIRPORT_SEQ_ID": "1127802", "DEST": "DCA", "CRS_DEP_TIME": "2015-03-10T12:20:00", "DEP_TIME": "2015-03-10T12:20:00", "DEP_DELAY": 0.0, "TAXI_OUT": 19.0, "WHEELS_OFF": "2015-03-10T12:39:00", "CRS_ARR_TIME": "2015-03-10T14:01:00", "CANCELLED": false, "DIVERTED": false, "DEP_AIRPORT_LAT": 33.63666667, "DEP_AIRPORT_LON": -84.42777778, "DEP_AIRPORT_TZOFFSET": -14400.0, "ARR_AIRPORT_LAT": 38.85194444, "ARR_AIRPORT_LON": -77.03777778, "ARR_AIRPORT_TZOFFSET": -14400.0, "EVENT_TYPE": "wheelsoff", "EVENT_TIME": "2015-03-10T12:39:00"}     
  {"FL_DATE": "2015-03-10", "UNIQUE_CARRIER": "WN", "ORIGIN_AIRPORT_SEQ_ID": "1039705", "ORIGIN": "ATL", "DEST_AIRPORT_SEQ_ID": "1127802", "DEST": "DCA", "CRS_DEP_TIME": "2015-03-10T10:45:00", "DEP_TIME": "2015-03-10T10:39:00", "DEP_DELAY": -6.0, "TAXI_OUT": 15.0, "WHEELS_OFF": "2015-03-10T10:54:00", "CRS_ARR_TIME": "2015-03-10T12:20:00", "CANCELLED": false, "DIVERTED": false, "DEP_AIRPORT_LAT": 33.63666667, "DEP_AIRPORT_LON": -84.42777778, "DEP_AIRPORT_TZOFFSET": -14400.0, "ARR_AIRPORT_LAT": 38.85194444, "ARR_AIRPORT_LON": -77.03777778, "ARR_AIRPORT_TZOFFSET": -14400.0, "EVENT_TYPE": "wheelsoff", "EVENT_TIME": "2015-03-10T10:54:00"}    
  {"FL_DATE": "2015-03-10", "UNIQUE_CARRIER": "B6", "ORIGIN_AIRPORT_SEQ_ID": "1072102", "ORIGIN": "BOS", "DEST_AIRPORT_SEQ_ID": "1127802", "DEST": "DCA", "CRS_DEP_TIME": "2015-03-10T12:42:00", "DEP_TIME": "2015-03-10T13:31:00", "DEP_DELAY": 49.0, "TAXI_OUT": 19.0, "WHEELS_OFF": "2015-03-10T13:50:00", "CRS_ARR_TIME": "2015-03-10T14:19:00", "CANCELLED": false, "DIVERTED": false, "DEP_AIRPORT_LAT": 42.36305556, "DEP_AIRPORT_LON": -71.00638889, "DEP_AIRPORT_TZOFFSET": -14400.0, "ARR_AIRPORT_LAT": 38.85194444, "ARR_AIRPORT_LON": -77.03777778, "ARR_AIRPORT_TZOFFSET": -14400.0, "EVENT_TYPE": "wheelsoff", "EVENT_TIME": "2015-03-10T13:50:00"}    
  {"FL_DATE": "2015-03-10", "UNIQUE_CARRIER": "US", "ORIGIN_AIRPORT_SEQ_ID": "1072102", "ORIGIN": "BOS", "DEST_AIRPORT_SEQ_ID": "1127802", "DEST": "DCA", "CRS_DEP_TIME": "2015-03-10T11:00:00", "DEP_TIME": "2015-03-10T10:54:00", "DEP_DELAY": -6.0, "TAXI_OUT": 18.0, "WHEELS_OFF": "2015-03-10T11:12:00", "CRS_ARR_TIME": "2015-03-10T12:46:00", "CANCELLED": false, "DIVERTED": false, "DEP_AIRPORT_LAT": 42.36305556, "DEP_AIRPORT_LON": -71.00638889, "DEP_AIRPORT_TZOFFSET": -14400.0, "ARR_AIRPORT_LAT": 38.85194444, "ARR_AIRPORT_LON": -77.03777778, "ARR_AIRPORT_TZOFFSET": -14400.0, "EVENT_TYPE": "wheelsoff", "EVENT_TIME": "2015-03-10T11:12:00"}    
  {"FL_DATE": "2015-03-10", "UNIQUE_CARRIER": "DL", "ORIGIN_AIRPORT_SEQ_ID": "1143302", "ORIGIN": "DTW", "DEST_AIRPORT_SEQ_ID": "1127802", "DEST": "DCA", "CRS_DEP_TIME": "2015-03-10T11:25:00", "DEP_TIME": "2015-03-10T11:23:00", "DEP_DELAY": -2.0, "TAXI_OUT": 15.0, "WHEELS_OFF": "2015-03-10T11:38:00", "CRS_ARR_TIME": "2015-03-10T13:00:00", "CANCELLED": false, "DIVERTED": false, "DEP_AIRPORT_LAT": 42.2125, "DEP_AIRPORT_LON": -83.35333333, "DEP_AIRPORT_TZOFFSET": -14400.0, "ARR_AIRPORT_LAT": 38.85194444, "ARR_AIRPORT_LON": -77.03777778, "ARR_AIRPORT_TZOFFSET": -14400.0, "EVENT_TYPE": "wheelsoff", "EVENT_TIME": "2015-03-10T11:38:00"}        
  {"FL_DATE": "2015-03-10", "UNIQUE_CARRIER": "EV", "ORIGIN_AIRPORT_SEQ_ID": "1161802", "ORIGIN": "EWR", "DEST_AIRPORT_SEQ_ID": "1127802", "DEST": "DCA", "CRS_DEP_TIME": "2015-03-10T10:36:00", "DEP_TIME": "2015-03-10T10:31:00", "DEP_DELAY": -5.0, "TAXI_OUT": 12.0, "WHEELS_OFF": "2015-03-10T10:43:00", "CRS_ARR_TIME": "2015-03-10T11:51:00", "CANCELLED": false, "DIVERTED": false, "DEP_AIRPORT_LAT": 40.6925, "DEP_AIRPORT_LON": -74.16861111, "DEP_AIRPORT_TZOFFSET": -14400.0, "ARR_AIRPORT_LAT": 38.85194444, "ARR_AIRPORT_LON": -77.03777778, "ARR_AIRPORT_TZOFFSET": -14400.0, "EVENT_TYPE": "wheelsoff", "EVENT_TIME": "2015-03-10T10:43:00"}        
